date,aggregated
2015-01-01,1195167.0
2015-01-02,2366483.0
2015-01-03,1828174.0
2015-01-04,1516118.0
2015-01-05,878494.0
2015-01-06,410827.0
2015-01-07,842396.0
2015-01-08,1682121.0
2015-01-09,2541407.0
2015-01-10,2496250.0
2015-01-11,2481698.0
2015-01-12,2487889.0
2015-01-13,2035995.0
2015-01-14,1600183.0
2015-01-15,2146995.0
2015-01-16,1028206.0
2015-01-17,490932.0
2015-01-18,505060.0
2015-01-19,131514.0
2015-01-20,63568.0
2015-01-21,180946.0
2015-01-22,252098.0
2015-01-23,125796.0
2015-01-24,568236.0
2015-01-25,430683.0
2015-01-26,819408.0
2015-01-27,1066255.0
2015-01-28,1648473.0
2015-01-29,1623500.0
2015-01-30,354966.0
2015-01-31,525261.0
2015-02-01,456253.0
2015-02-02,759214.0
2015-02-03,375319.0
2015-02-04,155438.0
2015-02-05,451711.0
2015-02-06,691178.0
2015-02-07,1005536.0
2015-02-08,1584826.0
2015-02-09,1485544.0
2015-02-10,572462.0
2015-02-11,105047.0
2015-02-12,91285.0
2015-02-13,334983.0
2015-02-14,426212.0
2015-02-15,727724.0
2015-02-16,785105.0
2015-02-17,251422.0
2015-02-18,451318.0
2015-02-19,886814.0
2015-02-20,1280647.0
2015-02-21,1096825.0
2015-02-22,540827.0
2015-02-23,1419979.0
2015-02-24,1207497.0
2015-02-25,428603.0
2015-02-26,635043.0
2015-02-27,546396.0
2015-02-28,709607.0
2015-03-01,1739621.0
2015-03-02,1934185.0
2015-03-03,1692007.0
2015-03-04,1451829.0
2015-03-05,644824.0
2015-03-06,479669.0
2015-03-07,969998.0
2015-03-08,763487.0
2015-03-09,258454.0
2015-03-10,513975.0
2015-03-11,499276.0
2015-03-12,260988.0
2015-03-13,555278.0
2015-03-14,512879.0
2015-03-15,862464.0
2015-03-16,1263232.0
2015-03-17,712848.0
2015-03-18,462276.0
2015-03-19,168651.0
2015-03-20,106254.0
2015-03-21,545744.0
2015-03-22,548262.0
2015-03-23,218426.0
2015-03-24,83367.0
2015-03-25,514723.0
2015-03-26,436856.0
2015-03-27,843784.0
2015-03-28,741535.0
2015-03-29,1851569.0
2015-03-30,1980748.0
2015-03-31,2350253.0
2015-04-01,2247897.0
2015-04-02,1621732.0
2015-04-03,695010.0
2015-04-04,321940.0
2015-04-05,286819.0
2015-04-06,314549.0
2015-04-07,545315.0
2015-04-08,334079.0
2015-04-09,96733.0
2015-04-10,125895.0
2015-04-11,1262081.0
2015-04-12,1019483.0
2015-04-13,1426454.0
2015-04-14,728343.0
2015-04-15,1068237.0
2015-04-16,529669.0
2015-04-17,528937.0
2015-04-18,331944.0
2015-04-19,170330.0
2015-04-20,433823.0
2015-04-21,793181.0
2015-04-22,400310.0
2015-04-23,196844.0
2015-04-24,188753.0
2015-04-25,504973.0
2015-04-26,285394.0
2015-04-27,471325.0
2015-04-28,467226.0
2015-04-29,502150.0
2015-04-30,598096.0
2015-05-01,256963.0
2015-05-02,129369.0
2015-05-03,749833.0
2015-05-04,689254.0
2015-05-05,1421091.0
2015-05-06,1036194.0
2015-05-07,1058053.0
2015-05-08,149553.0
2015-05-09,949368.0
2015-05-10,961918.0
2015-05-11,551654.0
2015-05-12,1007349.0
2015-05-13,811508.0
2015-05-14,288546.0
2015-05-15,207738.0
2015-05-16,627474.0
2015-05-17,881410.0
2015-05-18,516191.0
2015-05-19,932436.0
2015-05-20,330089.0
2015-05-21,268322.0
2015-05-22,125115.0
2015-05-23,248010.0
2015-05-24,72525.0
2015-05-25,253203.0
2015-05-26,486982.0
2015-05-27,454916.0
2015-05-28,930104.0
2015-05-29,518289.0
2015-05-30,932555.0
2015-05-31,944560.0
2015-06-01,565024.0
2015-06-02,1699152.0
2015-06-03,1292924.0
2015-06-04,167100.0
2015-06-05,539421.0
2015-06-06,675459.0
2015-06-07,363855.0
2015-06-08,568315.0
2015-06-09,405216.0
2015-06-10,297298.0
2015-06-11,220362.0
2015-06-12,187976.0
2015-06-13,457374.0
2015-06-14,413133.0
2015-06-15,388367.0
2015-06-16,308356.0
2015-06-17,360975.0
2015-06-18,747581.0
2015-06-19,745619.0
2015-06-20,509814.0
2015-06-21,255277.0
2015-06-22,478329.0
2015-06-23,672980.0
2015-06-24,650211.0
2015-06-25,195656.0
2015-06-26,101635.0
2015-06-27,602888.0
2015-06-28,245253.0
2015-06-29,187439.0
2015-06-30,151156.0
2015-07-01,474997.0
2015-07-02,740431.0
2015-07-03,321995.0
2015-07-04,288331.0
2015-07-05,321270.0
2015-07-06,654774.0
2015-07-07,341619.0
2015-07-08,1466140.0
2015-07-09,1491483.0
2015-07-10,860975.0
2015-07-11,174522.0
2015-07-12,407333.0
2015-07-13,445248.0
2015-07-14,461391.0
2015-07-15,184671.0
2015-07-16,122774.0
2015-07-17,593631.0
2015-07-18,508609.0
2015-07-19,465898.0
2015-07-20,442644.0
2015-07-21,667047.0
2015-07-22,274079.0
2015-07-23,275732.0
2015-07-24,297148.0
2015-07-25,1621405.0
2015-07-26,983000.0
2015-07-27,990888.0
2015-07-28,1576024.0
2015-07-29,1379788.0
2015-07-30,1337141.0
2015-07-31,450057.0
2015-08-01,235708.0
2015-08-02,146468.0
2015-08-03,410113.0
2015-08-04,613950.0
2015-08-05,218032.0
2015-08-06,324880.0
2015-08-07,276793.0
2015-08-08,484696.0
2015-08-09,262972.0
2015-08-10,291106.0
2015-08-11,313460.0
2015-08-12,276646.0
2015-08-13,633252.0
2015-08-14,698968.0
2015-08-15,247203.0
2015-08-16,290334.0
2015-08-17,461114.0
2015-08-18,363048.0
2015-08-19,111163.0
2015-08-20,90437.0
2015-08-21,168788.0
2015-08-22,380055.0
2015-08-23,992673.0
2015-08-24,885211.0
2015-08-25,1405223.0
2015-08-26,929525.0
2015-08-27,779177.0
2015-08-28,273619.0
2015-08-29,114211.0
2015-08-30,154280.0
2015-08-31,315100.0
2015-09-01,676764.0
2015-09-02,559746.0
2015-09-03,243751.0
2015-09-04,743509.0
2015-09-05,1558411.0
2015-09-06,1832161.0
2015-09-07,559212.0
2015-09-08,278663.0
2015-09-09,335095.0
2015-09-10,520692.0
2015-09-11,470635.0
2015-09-12,468969.0
2015-09-13,455338.0
2015-09-14,769881.0
2015-09-15,1237402.0
2015-09-16,1069404.0
2015-09-17,1565904.0
2015-09-18,691990.0
2015-09-19,306875.0
2015-09-20,560669.0
2015-09-21,285360.0
2015-09-22,609877.0
2015-09-23,303281.0
2015-09-24,629378.0
2015-09-25,241952.0
2015-09-26,230587.0
2015-09-27,339409.0
2015-09-28,333382.0
2015-09-29,652453.0
2015-09-30,586171.0
2015-10-01,413290.0
2015-10-02,286757.0
2015-10-03,233879.0
2015-10-04,196804.0
2015-10-05,376608.0
2015-10-06,934098.0
2015-10-07,668732.0
2015-10-08,175488.0
2015-10-09,149684.0
2015-10-10,619365.0
2015-10-11,1070808.0
2015-10-12,704226.0
2015-10-13,369997.0
2015-10-14,303187.0
2015-10-15,471043.0
2015-10-16,142316.0
2015-10-17,41535.0
2015-10-18,74147.0
2015-10-19,70286.0
2015-10-20,97297.0
2015-10-21,304122.0
2015-10-22,816861.0
2015-10-23,611831.0
2015-10-24,368398.0
2015-10-25,373285.0
2015-10-26,454804.0
2015-10-27,548352.0
2015-10-28,513761.0
2015-10-29,113076.0
2015-10-30,246563.0
2015-10-31,628923.0
2015-11-01,321596.0
2015-11-02,134918.0
2015-11-03,95505.0
2015-11-04,294515.0
2015-11-05,304183.0
2015-11-06,685858.0
2015-11-07,1149751.0
2015-11-08,1100082.0
2015-11-09,2021894.0
2015-11-10,2108630.0
2015-11-11,1291634.0
2015-11-12,917420.0
2015-11-13,1554169.0
2015-11-14,2100303.0
2015-11-15,2036018.0
2015-11-16,1512557.0
2015-11-17,1715087.0
2015-11-18,2529051.0
2015-11-19,2445669.0
2015-11-20,1126868.0
2015-11-21,634484.0
2015-11-22,964058.0
2015-11-23,496162.0
2015-11-24,1386601.0
2015-11-25,633035.0
2015-11-26,290275.0
2015-11-27,717372.0
2015-11-28,1673319.0
2015-11-29,2576094.0
2015-11-30,2226157.0
2015-12-01,1462385.0
2015-12-02,1156050.0
2015-12-03,876358.0
2015-12-04,1781292.0
2015-12-05,2123012.0
2015-12-06,2232930.0
2015-12-07,449730.0
2015-12-08,724298.0
2015-12-09,982375.0
2015-12-10,1380480.0
2015-12-11,1852233.0
2015-12-12,1491050.0
2015-12-13,1144914.0
2015-12-14,351252.0
2015-12-15,262025.0
2015-12-16,773837.0
2015-12-17,1148569.0
2015-12-18,1095776.0
2015-12-19,1010825.0
2015-12-20,1214769.0
2015-12-21,2024936.0
2015-12-22,2327199.0
2015-12-23,2015832.0
2015-12-24,1500394.0
2015-12-25,1438587.0
2015-12-26,2225644.0
2015-12-27,1600936.0
2015-12-28,639850.0
2015-12-29,1030827.0
2015-12-30,1007756.0
2015-12-31,1021849.0
2016-01-01,349648.0
2016-01-02,1335552.0
2016-01-03,1383331.0
2016-01-04,886737.0
2016-01-05,583870.0
2016-01-06,380565.0
2016-01-07,933546.0
2016-01-08,1730496.0
2016-01-09,651148.0
2016-01-10,1152821.0
2016-01-11,682326.0
2016-01-12,1110313.0
2016-01-13,1281726.0
2016-01-14,841782.0
2016-01-15,554968.0
2016-01-16,436660.0
2016-01-17,347480.0
2016-01-18,231639.0
2016-01-19,520603.0
2016-01-20,421124.0
2016-01-21,123932.0
2016-01-22,597138.0
2016-01-23,981081.0
2016-01-24,785792.0
2016-01-25,982359.0
2016-01-26,1650622.0
2016-01-27,2415404.0
2016-01-28,1639020.0
2016-01-29,2297891.0
2016-01-30,2452334.0
2016-01-31,1764196.0
2016-02-01,2011001.0
2016-02-02,2601694.0
2016-02-03,1922253.0
2016-02-04,1355740.0
2016-02-05,874116.0
2016-02-06,1358441.0
2016-02-07,1786606.0
2016-02-08,2713985.0
2016-02-09,2299364.0
2016-02-10,1511237.0
2016-02-11,1207585.0
2016-02-12,342186.0
2016-02-13,529276.0
2016-02-14,877015.0
2016-02-15,691984.0
2016-02-16,255683.0
2016-02-17,626128.0
2016-02-18,232856.0
2016-02-19,333163.0
2016-02-20,2109173.0
2016-02-21,2318586.0
2016-02-22,1964112.0
2016-02-23,933594.0
2016-02-24,856294.0
2016-02-25,516982.0
2016-02-26,331771.0
2016-02-27,445405.0
2016-02-28,704800.0
2016-02-29,958512.0
2016-03-01,731690.0
2016-03-02,1357160.0
2016-03-03,401255.0
2016-03-04,956654.0
2016-03-05,306939.0
2016-03-06,424096.0
2016-03-07,215196.0
2016-03-08,227582.0
2016-03-09,798179.0
2016-03-10,435009.0
2016-03-11,343067.0
2016-03-12,328549.0
2016-03-13,429369.0
2016-03-14,336754.0
2016-03-15,566253.0
2016-03-16,1002833.0
2016-03-17,277489.0
2016-03-18,426107.0
2016-03-19,326535.0
2016-03-20,911321.0
2016-03-21,1026138.0
2016-03-22,613059.0
2016-03-23,465483.0
2016-03-24,256454.0
2016-03-25,629240.0
2016-03-26,744819.0
2016-03-27,1313426.0
2016-03-28,1705795.0
2016-03-29,1517395.0
2016-03-30,1020138.0
2016-03-31,381887.0
2016-04-01,357615.0
2016-04-02,610223.0
2016-04-03,361340.0
2016-04-04,437270.0
2016-04-05,426377.0
2016-04-06,1378395.0
2016-04-07,1215544.0
2016-04-08,351909.0
2016-04-09,186653.0
2016-04-10,461448.0
2016-04-11,704022.0
2016-04-12,282905.0
2016-04-13,176384.0
2016-04-14,204837.0
2016-04-15,801187.0
2016-04-16,1165970.0
2016-04-17,575120.0
2016-04-18,757000.0
2016-04-19,1356707.0
2016-04-20,684403.0
2016-04-21,325501.0
2016-04-22,497947.0
2016-04-23,635935.0
2016-04-24,645448.0
2016-04-25,864280.0
2016-04-26,1026233.0
2016-04-27,1414438.0
2016-04-28,708231.0
2016-04-29,977299.0
2016-04-30,466172.0
2016-05-01,753330.0
2016-05-02,229532.0
2016-05-03,724321.0
2016-05-04,341495.0
2016-05-05,465062.0
2016-05-06,824122.0
2016-05-07,1038990.0
2016-05-08,1366893.0
2016-05-09,1260536.0
2016-05-10,874433.0
2016-05-11,960103.0
2016-05-12,1161642.0
2016-05-13,721737.0
2016-05-14,1308121.0
2016-05-15,1364075.0
2016-05-16,936206.0
2016-05-17,709466.0
2016-05-18,306793.0
2016-05-19,211841.0
2016-05-20,612781.0
2016-05-21,385650.0
2016-05-22,816744.0
2016-05-23,571344.0
2016-05-24,666149.0
2016-05-25,112296.0
2016-05-26,69890.0
2016-05-27,128520.0
2016-05-28,245338.0
2016-05-29,498057.0
2016-05-30,772218.0
2016-05-31,304810.0
2016-06-01,22559.0
2016-06-02,267894.0
2016-06-03,333784.0
2016-06-04,197015.0
2016-06-05,159016.0
2016-06-06,244763.0
2016-06-07,189551.0
2016-06-08,484109.0
2016-06-09,311461.0
2016-06-10,497174.0
2016-06-11,138770.0
2016-06-12,248459.0
2016-06-13,300891.0
2016-06-14,226548.0
2016-06-15,206866.0
2016-06-16,136015.0
2016-06-17,562947.0
2016-06-18,503933.0
2016-06-19,286319.0
2016-06-20,652591.0
2016-06-21,419834.0
2016-06-22,177988.0
2016-06-23,476072.0
2016-06-24,386026.0
2016-06-25,445124.0
2016-06-26,627805.0
2016-06-27,572787.0
2016-06-28,227366.0
2016-06-29,836579.0
2016-06-30,499991.0
2016-07-01,800428.0
2016-07-02,861998.0
2016-07-03,617001.0
2016-07-04,194401.0
2016-07-05,1042131.0
2016-07-06,1591248.0
2016-07-07,364538.0
2016-07-08,689717.0
2016-07-09,760534.0
2016-07-10,529664.0
2016-07-11,1093259.0
2016-07-12,547415.0
2016-07-13,219795.0
2016-07-14,935615.0
2016-07-15,1061368.0
2016-07-16,379947.0
2016-07-17,361792.0
2016-07-18,357192.0
2016-07-19,143549.0
2016-07-20,375266.0
2016-07-21,343876.0
2016-07-22,228927.0
2016-07-23,159445.0
2016-07-24,61654.0
2016-07-25,120175.0
2016-07-26,141780.0
2016-07-27,265820.0
2016-07-28,176809.0
2016-07-29,458966.0
2016-07-30,429553.0
2016-07-31,206371.0
2016-08-01,470803.0
2016-08-02,303936.0
2016-08-03,881147.0
2016-08-04,779519.0
2016-08-05,425853.0
2016-08-06,547401.0
2016-08-07,602726.0
2016-08-08,1152311.0
2016-08-09,528751.0
2016-08-10,489313.0
2016-08-11,673879.0
2016-08-12,596720.0
2016-08-13,898129.0
2016-08-14,326484.0
2016-08-15,236575.0
2016-08-16,227596.0
2016-08-17,171605.0
2016-08-18,168648.0
2016-08-19,128703.0
2016-08-20,447613.0
2016-08-21,816637.0
2016-08-22,598547.0
2016-08-23,236038.0
2016-08-24,340507.0
2016-08-25,668552.0
2016-08-26,492868.0
2016-08-27,267541.0
2016-08-28,705769.0
2016-08-29,779496.0
2016-08-30,289921.0
2016-08-31,223056.0
2016-09-01,256159.0
2016-09-02,253882.0
2016-09-03,381903.0
2016-09-04,950844.0
2016-09-05,578000.0
2016-09-06,133995.0
2016-09-07,299139.0
2016-09-08,388015.0
2016-09-09,233056.0
2016-09-10,134451.0
2016-09-11,211983.0
2016-09-12,297289.0
2016-09-13,501393.0
2016-09-14,612183.0
2016-09-15,898626.0
2016-09-16,325550.0
2016-09-17,597518.0
2016-09-18,710336.0
2016-09-19,225549.0
2016-09-20,79452.0
2016-09-21,130806.0
2016-09-22,99384.0
2016-09-23,228289.0
2016-09-24,232985.0
2016-09-25,551390.0
2016-09-26,217328.0
2016-09-27,167232.0
2016-09-28,1524409.0
2016-09-29,1732006.0
2016-09-30,735968.0
2016-10-01,374632.0
2016-10-02,685083.0
2016-10-03,556024.0
2016-10-04,1170450.0
2016-10-05,1244594.0
2016-10-06,1178227.0
2016-10-07,457781.0
2016-10-08,408965.0
2016-10-09,162009.0
2016-10-10,55920.0
2016-10-11,404137.0
2016-10-12,523882.0
2016-10-13,1002179.0
2016-10-14,1380919.0
2016-10-15,712823.0
2016-10-16,300523.0
2016-10-17,468124.0
2016-10-18,447110.0
2016-10-19,751502.0
2016-10-20,381537.0
2016-10-21,252685.0
2016-10-22,169303.0
2016-10-23,177371.0
2016-10-24,322374.0
2016-10-25,163093.0
2016-10-26,119844.0
2016-10-27,606391.0
2016-10-29,909208.0
2016-10-30,384611.0
2016-10-31,177926.0
2016-11-01,677719.0
2016-11-02,1497696.0
2016-11-03,390416.0
2016-11-04,808954.0
2016-11-05,635145.0
2016-11-06,651597.0
2016-11-07,459869.0
2016-11-08,371546.0
2016-11-09,439993.0
2016-11-10,455334.0
2016-11-11,375749.0
2016-11-12,248060.0
2016-11-13,490770.0
2016-11-14,786620.0
2016-11-15,1362092.0
2016-11-16,1310184.0
2016-11-17,1813681.0
2016-11-18,2263500.0
2016-11-19,1360211.0
2016-11-20,2292184.0
2016-11-21,1402987.0
2016-11-22,778712.0
2016-11-23,267749.0
2016-11-24,868494.0
2016-11-25,551860.0
2016-11-26,376890.0
2016-11-27,907199.0
2016-11-28,737805.0
2016-11-29,679882.0
2016-11-30,1635155.0
2016-12-01,2371751.0
2016-12-02,1127966.0
2016-12-03,256791.0
2016-12-04,354365.0
2016-12-05,280680.0
2016-12-06,268935.0
2016-12-07,1012574.0
2016-12-08,1767076.0
2016-12-10,1402712.0
2016-12-11,1879288.0
2016-12-12,641355.0
2016-12-13,354501.0
2016-12-14,194455.0
2016-12-15,555516.0
2016-12-16,472743.0
2016-12-17,267539.0
2016-12-18,452389.0
2016-12-19,255272.0
2016-12-20,541215.0
2016-12-21,948714.0
2016-12-22,772388.0
2016-12-23,1235942.0
2016-12-24,2420106.0
2016-12-25,2623436.0
2016-12-26,2650502.0
2016-12-27,2360362.0
2016-12-28,821859.0
2016-12-29,458972.0
2016-12-30,701284.0
2016-12-31,935325.0
2016-10-28,757799.5
2016-12-09,1584894.0
2017-01-01,1033593.0
2017-01-02,920394.0
2017-01-03,2302664.0
2017-01-04,2518460.0
2017-01-05,971292.0
2017-01-06,284417.0
2017-01-07,790834.0
2017-01-08,156814.0
2017-01-09,482841.0
2017-01-10,957787.0
2017-01-11,2170342.0
2017-01-12,2148060.0
2017-01-13,1868481.0
2017-01-14,1680970.0
2017-01-15,859695.0
2017-01-16,260853.0
2017-01-17,273652.0
2017-01-18,422729.0
2017-01-19,431724.0
2017-01-20,403587.0
2017-01-21,302250.0
2017-01-22,191575.0
2017-01-23,119922.0
2017-01-24,82710.0
2017-01-25,197727.0
2017-01-26,692363.0
2017-01-27,838638.0
2017-01-28,637111.0
2017-01-29,972597.0
2017-01-30,1144079.0
2017-01-31,321023.0
2017-02-01,569331.0
2017-02-02,741513.0
2017-02-03,602836.0
2017-02-04,768665.0
2017-02-05,359171.0
2017-02-06,334330.0
2017-02-07,685805.0
2017-02-08,595474.0
2017-02-09,570201.0
2017-02-10,831472.0
2017-02-11,952517.0
2017-02-12,1034205.0
2017-02-13,1071163.0
2017-02-14,657874.0
2017-02-15,298623.0
2017-02-16,789909.0
2017-02-17,854823.0
2017-02-18,429200.0
2017-02-19,1102494.0
2017-02-20,2168112.0
2017-02-21,2009095.0
2017-02-22,2892624.0
2017-02-23,2515189.0
2017-02-24,1935225.0
2017-02-25,1312238.0
2017-02-26,1835047.0
2017-02-27,1849433.0
2017-02-28,2146040.0
2017-03-01,1629023.0
2017-03-02,2304489.0
2017-03-03,1079699.0
2017-03-04,841289.0
2017-03-05,1380582.0
2017-03-06,769357.0
2017-03-07,365990.0
2017-03-08,1211193.0
2017-03-09,1096774.0
2017-03-10,1113186.0
2017-03-11,374554.0
2017-03-12,996554.0
2017-03-13,373614.0
2017-03-14,786622.0
2017-03-15,1022165.0
2017-03-16,619628.0
2017-03-17,1718439.0
2017-03-18,2466102.0
2017-03-19,1774600.0
2017-03-20,1916411.0
2017-03-21,1330153.0
2017-03-22,515172.0
2017-03-23,649838.0
2017-03-24,591808.0
2017-03-25,755798.0
2017-03-26,302320.0
2017-03-27,272279.0
2017-03-28,372074.0
2017-03-29,1275174.0
2017-03-30,521542.0
2017-03-31,837945.0
2017-04-01,285400.0
2017-04-02,383486.0
2017-04-03,229484.0
2017-04-04,138814.0
2017-04-05,945268.0
2017-04-06,1342126.0
2017-04-07,1464958.0
2017-04-08,290461.0
2017-04-09,152755.0
2017-04-10,1624120.0
2017-04-11,1180353.0
2017-04-12,1852774.0
2017-04-13,1597481.0
2017-04-14,886119.0
2017-04-15,1695897.0
2017-04-16,1130121.0
2017-04-17,628903.0
2017-04-18,966881.0
2017-04-19,675748.0
2017-04-20,272285.0
2017-04-21,1395972.0
2017-04-22,1854360.0
2017-04-23,1320603.0
2017-04-24,1102669.0
2017-04-25,868148.0
2017-04-26,195550.0
2017-04-27,293754.0
2017-04-28,306060.0
2017-04-29,347578.0
2017-04-30,1353685.0
2017-05-01,1524477.0
2017-05-02,1279538.0
2017-05-03,860651.0
2017-05-04,1127984.0
2017-05-05,441921.0
2017-05-06,369646.0
2017-05-07,311262.0
2017-05-08,838368.0
2017-05-09,224903.0
2017-05-10,344178.0
2017-05-11,563376.0
2017-05-12,546245.0
2017-05-13,257716.0
2017-05-14,257748.0
2017-05-15,216204.0
2017-05-16,262432.0
2017-05-17,518648.0
2017-05-18,708050.0
2017-05-19,649222.0
2017-05-20,612298.0
2017-05-21,204279.0
2017-05-22,215844.0
2017-05-23,701766.0
2017-05-24,1000688.0
2017-05-25,515874.0
2017-05-26,325831.0
2017-05-27,590980.0
2017-05-28,568603.0
2017-05-29,187513.0
2017-05-30,676520.0
2017-05-31,1009144.0
2017-06-01,345297.0
2017-06-02,151887.0
2017-06-03,396761.0
2017-06-04,806960.0
2017-06-05,281628.0
2017-06-06,1348682.0
2017-06-07,2275169.0
2017-06-08,967588.0
2017-06-09,845620.0
2017-06-10,258162.0
2017-06-11,506914.0
2017-06-12,1605367.0
2017-06-13,1097069.0
2017-06-14,256813.0
2017-06-15,393850.0
2017-06-16,1558781.0
2017-06-17,1017932.0
2017-06-18,155586.0
2017-06-19,114631.0
2017-06-20,449514.0
2017-06-21,224017.0
2017-06-22,770053.0
2017-06-23,1472341.0
2017-06-24,1261380.0
2017-06-25,1112771.0
2017-06-26,699829.0
2017-06-27,275724.0
2017-06-28,755664.0
2017-06-29,668978.0
2017-06-30,1421902.0
2017-07-01,1088868.0
2017-07-02,1034690.0
2017-07-03,871083.0
2017-07-04,643711.0
2017-07-05,120218.0
2017-07-06,133341.0
2017-07-07,521186.0
2017-07-08,450919.0
2017-07-09,161044.0
2017-07-10,333714.0
2017-07-11,583133.0
2017-07-12,1040720.0
2017-07-13,756246.0
2017-07-14,238896.0
2017-07-15,286254.0
2017-07-16,462083.0
2017-07-17,290067.0
2017-07-18,239126.0
2017-07-19,690483.0
2017-07-20,536856.0
2017-07-21,334734.0
2017-07-22,486522.0
2017-07-23,771496.0
2017-07-24,282221.0
2017-07-25,941689.0
2017-07-26,994912.0
2017-07-27,566684.0
2017-07-28,915392.0
2017-07-29,957993.0
2017-07-30,1169549.0
2017-07-31,383383.0
2017-08-01,370764.0
2017-08-02,292733.0
2017-08-03,1191019.0
2017-08-04,1492475.0
2017-08-05,764528.0
2017-08-06,546637.0
2017-08-07,296359.0
2017-08-08,809789.0
2017-08-09,654914.0
2017-08-10,338322.0
2017-08-11,404229.0
2017-08-12,1014677.0
2017-08-13,389300.0
2017-08-14,328660.0
2017-08-15,683377.0
2017-08-16,217162.0
2017-08-17,577840.0
2017-08-18,570189.0
2017-08-19,1127345.0
2017-08-20,923052.0
2017-08-21,696280.0
2017-08-22,306676.0
2017-08-23,213644.0
2017-08-24,562486.0
2017-08-25,278989.0
2017-08-26,173845.0
2017-08-27,454264.0
2017-08-28,137385.0
2017-08-29,329388.0
2017-08-30,595437.0
2017-08-31,763973.0
2017-09-01,133718.0
2017-09-02,133928.0
2017-09-03,93217.0
2017-09-04,268286.0
2017-09-05,283134.0
2017-09-06,1295922.0
2017-09-07,1165249.0
2017-09-08,1757448.0
2017-09-09,1143718.0
2017-09-10,803279.0
2017-09-11,1945887.0
2017-09-12,1607788.0
2017-09-13,2732209.0
2017-09-14,2262002.0
2017-09-15,1164935.0
2017-09-16,314035.0
2017-09-17,82881.0
2017-09-18,202350.0
2017-09-19,222580.0
2017-09-20,418858.0
2017-09-21,139595.0
2017-09-22,51099.0
2017-09-23,95242.0
2017-09-24,161258.0
2017-09-25,271374.0
2017-09-26,392303.0
2017-09-27,387498.0
2017-09-28,377483.0
2017-09-29,470201.0
2017-09-30,692955.0
2017-10-01,553917.0
2017-10-02,1865813.0
2017-10-03,1434292.0
2017-10-04,2102962.0
2017-10-05,2599457.0
2017-10-06,1966876.0
2017-10-07,2114654.0
2017-10-08,1125493.0
2017-10-09,579437.0
2017-10-10,1038128.0
2017-10-11,1710684.0
2017-10-12,2227263.0
2017-10-13,888740.0
2017-10-14,844152.0
2017-10-15,579036.0
2017-10-16,859069.0
2017-10-17,800953.0
2017-10-18,207010.0
2017-10-19,407446.0
2017-10-20,1138801.0
2017-10-21,834918.0
2017-10-22,1435405.0
2017-10-23,955170.0
2017-10-24,800977.0
2017-10-25,1566854.0
2017-10-26,914421.0
2017-10-27,1767195.0
2017-10-28,2875102.0
2017-10-29,2750637.0
2017-10-30,1333057.0
2017-10-31,798793.0
2017-11-01,1313666.0
2017-11-02,1197802.0
2017-11-03,311910.0
2017-11-04,934007.0
2017-11-05,891361.0
2017-11-06,316042.0
2017-11-07,424880.0
2017-11-08,242358.0
2017-11-09,556794.0
2017-11-10,2130751.0
2017-11-11,1780380.0
2017-11-12,701902.0
2017-11-13,601256.0
2017-11-14,979522.0
2017-11-15,355826.0
2017-11-16,442667.0
2017-11-17,533891.0
2017-11-18,2085594.0
2017-11-19,2539933.0
2017-11-20,1427132.0
2017-11-21,1148537.0
2017-11-22,2055961.0
2017-11-23,2632590.0
2017-11-24,1117735.0
2017-11-25,711859.0
2017-11-26,2001853.0
2017-11-27,2574276.0
2017-11-28,1902055.0
2017-11-29,387085.0
2017-11-30,208442.0
2017-12-01,115655.0
2017-12-02,271085.0
2017-12-03,1147374.0
2017-12-04,1549168.0
2017-12-05,2080717.0
2017-12-06,2243742.0
2017-12-07,2645606.0
2017-12-08,2256306.0
2017-12-09,2439933.0
2017-12-10,2222579.0
2017-12-11,1446819.0
2017-12-12,2089355.0
2017-12-13,2537239.0
2017-12-14,2442561.0
2017-12-15,632242.0
2017-12-16,818793.0
2017-12-17,824512.0
2017-12-18,450119.0
2017-12-19,344542.0
2017-12-20,253094.0
2017-12-21,920912.0
2017-12-22,752621.0
2017-12-23,2596205.0
2017-12-24,2938371.0
2017-12-25,2010115.0
2017-12-26,2524726.0
2017-12-27,1393069.0
2017-12-28,1642497.0
2017-12-29,1985906.0
2017-12-30,2567731.0
2017-12-31,2546476.0
2018-01-01,2474402.0
2018-01-02,1580615.0
2018-01-03,3347679.0
2018-01-04,2240603.0
2018-01-05,2077748.0
2018-01-06,696931.0
2018-01-07,1406990.0
2018-01-08,1926231.0
2018-01-09,1832417.0
2018-01-10,524255.0
2018-01-11,98545.0
2018-01-12,312650.0
2018-01-13,1015616.0
2018-01-14,1265096.0
2018-01-15,2552629.0
2018-01-16,2393279.0
2018-01-17,2287377.0
2018-01-18,2536809.0
2018-01-19,1049300.0
2018-01-20,719326.0
2018-01-21,332890.0
2018-01-22,1017003.0
2018-01-23,1263527.0
2018-01-24,2647340.0
2018-01-25,1325335.0
2018-01-26,184812.0
2018-01-27,892245.0
2018-01-28,3012106.0
2018-01-29,3241851.0
2018-01-30,1606674.0
2018-01-31,2421301.0
2018-02-01,1730805.0
2018-02-02,1241674.0
2018-02-03,343811.0
2018-02-04,618269.0
2018-02-05,688500.0
2018-02-06,371066.0
2018-02-07,199737.0
2018-02-08,138969.0
2018-02-09,518062.0
2018-02-10,430275.0
2018-02-11,2085666.0
2018-02-12,1515557.0
2018-02-13,778071.0
2018-02-14,948977.0
2018-02-15,1697121.0
2018-02-16,1092171.0
2018-02-17,279055.0
2018-02-18,368685.0
2018-02-19,236353.0
2018-02-20,377694.0
2018-02-21,586828.0
2018-02-22,1002722.0
2018-02-23,1247149.0
2018-02-24,1939711.0
2018-02-25,1145625.0
2018-02-26,1254999.0
2018-02-27,969311.0
2018-02-28,1831401.0
2018-03-01,2529644.0
2018-03-02,1765036.0
2018-03-03,1297257.0
2018-03-04,1237719.0
2018-03-05,929092.0
2018-03-06,437090.0
2018-03-07,563540.0
2018-03-08,1727750.0
2018-03-09,1362783.0
2018-03-10,900237.0
2018-03-11,761079.0
2018-03-12,755638.0
2018-03-13,1596542.0
2018-03-14,491688.0
2018-03-15,2207009.0
2018-03-16,2147274.0
2018-03-17,2940916.0
2018-03-18,2790241.0
2018-03-19,832319.0
2018-03-20,1140919.0
2018-03-21,589247.0
2018-03-22,1427599.0
2018-03-23,229496.0
2018-03-24,244518.0
2018-03-25,131018.0
2018-03-26,233638.0
2018-03-27,355827.0
2018-03-28,1347143.0
2018-03-29,1378944.0
2018-03-30,957106.0
2018-03-31,900892.0
2018-04-01,1341216.0
2018-04-02,748105.0
2018-04-03,1376590.0
2018-04-04,1219939.0
2018-04-05,2249899.0
2018-04-06,1014377.0
2018-04-07,1527407.0
2018-04-08,687214.0
2018-04-09,394976.0
2018-04-10,1284266.0
2018-04-11,1226415.0
2018-04-12,1512949.0
2018-04-13,1074561.0
2018-04-14,892864.0
2018-04-15,212902.0
2018-04-16,235624.0
2018-04-17,211740.0
2018-04-18,267799.0
2018-04-19,604333.0
2018-04-20,625989.0
2018-04-21,301942.0
2018-04-22,488026.0
2018-04-23,1307716.0
2018-04-24,1193264.0
2018-04-25,1847545.0
2018-04-26,1502922.0
2018-04-27,542618.0
2018-04-28,647503.0
2018-04-29,603226.0
2018-04-30,2096241.0
2018-05-01,2129595.0
2018-05-02,576032.0
2018-05-03,646825.0
2018-05-04,584765.0
2018-05-05,801885.0
2018-05-06,807644.0
2018-05-07,804787.0
2018-05-08,999730.0
2018-05-09,710103.0
2018-05-10,840082.0
2018-05-11,253380.0
2018-05-12,420816.0
2018-05-13,1056677.0
2018-05-14,1217432.0
2018-05-15,739080.0
2018-05-16,674224.0
2018-05-17,1265813.0
2018-05-18,429480.0
2018-05-19,199382.0
2018-05-20,866136.0
2018-05-21,1273954.0
2018-05-22,569327.0
2018-05-23,812651.0
2018-05-24,1140421.0
2018-05-25,753525.0
2018-05-26,388800.0
2018-05-27,489731.0
2018-05-28,563802.0
2018-05-29,902276.0
2018-05-30,341529.0
2018-05-31,348569.0
2018-06-01,489706.0
2018-06-02,393954.0
2018-06-03,159552.0
2018-06-04,353181.0
2018-06-05,347364.0
2018-06-06,751397.0
2018-06-07,512986.0
2018-06-08,295267.0
2018-06-09,307669.0
2018-06-10,322111.0
2018-06-11,528227.0
2018-06-12,622194.0
2018-06-13,677062.0
2018-06-14,523305.0
2018-06-15,133092.0
2018-06-16,239053.0
2018-06-17,667956.0
2018-06-18,560067.0
2018-06-19,687375.0
2018-06-20,456919.0
2018-06-21,1688613.0
2018-06-22,1880184.0
2018-06-23,1578321.0
2018-06-24,669195.0
2018-06-25,530477.0
2018-06-26,283099.0
2018-06-27,523425.0
2018-06-28,796079.0
2018-06-29,656924.0
2018-06-30,853108.0
2018-07-01,1018371.0
2018-07-02,563434.0
2018-07-03,288858.0
2018-07-04,148097.0
2018-07-05,426617.0
2018-07-06,919532.0
2018-07-07,967653.0
2018-07-08,587527.0
2018-07-09,852481.0
2018-07-10,539877.0
2018-07-11,353079.0
2018-07-12,519946.0
2018-07-13,481509.0
2018-07-14,322734.0
2018-07-15,229507.0
2018-07-16,188315.0
2018-07-17,414387.0
2018-07-18,827734.0
2018-07-19,464844.0
2018-07-20,282087.0
2018-07-21,307049.0
2018-07-22,284979.0
2018-07-23,169826.0
2018-07-24,115815.0
2018-07-25,267197.0
2018-07-26,461956.0
2018-07-27,712290.0
2018-07-28,778801.0
2018-07-29,416004.0
2018-07-30,285932.0
2018-07-31,499449.0
2018-08-01,383746.0
2018-08-02,315375.0
2018-08-03,259072.0
2018-08-04,391091.0
2018-08-05,672472.0
2018-08-06,266383.0
2018-08-07,513229.0
2018-08-08,961929.0
2018-08-09,903250.0
2018-08-10,1501978.0
2018-08-11,1361902.0
2018-08-12,360210.0
2018-08-13,619866.0
2018-08-14,1083328.0
2018-08-15,394418.0
2018-08-16,403329.0
2018-08-17,448402.0
2018-08-18,407129.0
2018-08-19,465913.0
2018-08-20,631011.0
2018-08-21,135179.0
2018-08-22,317412.0
2018-08-23,439095.0
2018-08-24,1030348.0
2018-08-25,984912.0
2018-08-26,635256.0
2018-08-27,1726112.0
2018-08-28,335902.0
2018-08-29,610489.0
2018-08-30,1126968.0
2018-08-31,532407.0
2018-09-01,359109.0
2018-09-02,642083.0
2018-09-03,554838.0
2018-09-04,294161.0
2018-09-05,267902.0
2018-09-06,426580.0
2018-09-07,660789.0
2018-09-08,837354.0
2018-09-09,362613.0
2018-09-10,525652.0
2018-09-11,1347801.0
2018-09-12,689223.0
2018-09-13,140915.0
2018-09-14,244545.0
2018-09-15,736360.0
2018-09-16,371216.0
2018-09-17,342863.0
2018-09-18,1066392.0
2018-09-19,976325.0
2018-09-20,1008513.0
2018-09-21,2519862.0
2018-09-22,1920450.0
2018-09-23,1136251.0
2018-09-24,2057103.0
2018-09-25,582237.0
2018-09-26,1535705.0
2018-09-27,913604.0
2018-09-28,1131776.0
2018-09-29,555059.0
2018-09-30,568350.0
2018-10-01,938479.0
2018-10-02,2315757.0
2018-10-03,2203476.0
2018-10-04,642660.0
2018-10-05,703362.0
2018-10-06,594829.0
2018-10-07,750003.0
2018-10-08,407864.0
2018-10-09,374002.0
2018-10-10,819188.0
2018-10-11,1249988.0
2018-10-12,967779.0
2018-10-13,1048596.0
2018-10-14,1342756.0
2018-10-15,632821.0
2018-10-16,148824.0
2018-10-17,156983.0
2018-10-18,458807.0
2018-10-19,218680.0
2018-10-20,333191.0
2018-10-21,336209.0
2018-10-22,889763.0
2018-10-23,2944596.0
2018-10-24,2370993.0
2018-10-25,2044213.0
2018-10-26,1282064.0
2018-10-27,1224787.0
2018-10-28,1573669.0
2018-10-29,1871475.0
2018-10-30,2489527.0
2018-10-31,1594257.0
2018-11-01,896933.0
2018-11-02,1039754.0
2018-11-03,404603.0
2018-11-04,568123.0
2018-11-05,659355.0
2018-11-06,777192.0
2018-11-07,827108.0
2018-11-08,491801.0
2018-11-09,716413.0
2018-11-10,1549766.0
2018-11-11,1703983.0
2018-11-12,1104329.0
2018-11-13,1576424.0
2018-11-14,693526.0
2018-11-15,588289.0
2018-11-16,1280398.0
2018-11-17,1528663.0
2018-11-18,1190604.0
2018-11-19,2273933.0
2018-11-20,2656237.0
2018-11-21,1231844.0
2018-11-22,495488.0
2018-11-23,325401.0
2018-11-24,357404.0
2018-11-25,419063.0
2018-11-26,758934.0
2018-11-27,346532.0
2018-11-28,1690927.0
2018-11-29,2305309.0
2018-11-30,1406819.0
2018-12-01,1372831.0
2018-12-02,2199979.0
2018-12-03,1986181.0
2018-12-04,1681345.0
2018-12-05,1033214.0
2018-12-06,1601568.0
2018-12-07,2717841.0
2018-12-08,3591100.0
2018-12-09,3116767.0
2018-12-10,3003177.0
2018-12-11,1691232.0
2018-12-12,492998.0
2018-12-13,771695.0
2018-12-14,487189.0
2018-12-15,721622.0
2018-12-16,953305.0
2018-12-17,609307.0
2018-12-18,1032057.0
2018-12-19,1444465.0
2018-12-20,1183354.0
2018-12-21,2650716.0
2018-12-22,2015409.0
2018-12-23,1430592.0
2018-12-24,1168160.0
2018-12-25,1739887.0
2018-12-26,1291892.0
2018-12-27,839826.0
2018-12-28,706445.0
2018-12-29,1704721.0
2018-12-30,2100050.0
2018-12-31,699375.0
2019-01-01,2995554.0
2019-01-02,2439556.0
2019-01-03,927568.0
2019-01-04,1763059.0
2019-01-05,2078252.0
2019-01-06,747660.0
2019-01-07,1474324.0
2019-01-08,3492892.0
2019-01-09,2685843.0
2019-01-10,638262.0
2019-01-11,1570069.0
2019-01-12,2459989.0
2019-01-13,3169099.0
2019-01-14,2948106.0
2019-01-15,2965708.0
2019-01-16,2486979.0
2019-01-17,2524125.0
2019-01-18,899721.0
2019-01-19,427804.0
2019-01-20,208919.0
2019-01-21,369032.0
2019-01-22,775650.0
2019-01-23,541952.0
2019-01-24,147007.0
2019-01-25,500434.0
2019-01-26,1717207.0
2019-01-27,2017087.0
2019-01-28,1683087.0
2019-01-29,1068735.0
2019-01-30,1484269.0
2019-01-31,730162.0
2019-02-01,1036673.0
2019-02-02,330372.0
2019-02-03,894035.0
2019-02-04,1540028.0
2019-02-05,1129303.0
2019-02-06,1089848.0
2019-02-07,2058893.0
2019-02-08,2677827.0
2019-02-09,3388260.0
2019-02-10,2826007.0
2019-02-11,2862752.0
2019-02-12,1558740.0
2019-02-13,1444141.0
2019-02-14,507965.0
2019-02-15,610843.0
2019-02-16,1120640.0
2019-02-17,592777.0
2019-02-18,751359.0
2019-02-19,1854823.0
2019-02-20,1066785.0
2019-02-21,1301649.0
2019-02-22,809011.0
2019-02-23,717440.0
2019-02-24,356270.0
2019-02-25,392257.0
2019-02-26,307916.0
2019-02-27,541902.0
2019-02-28,1617199.0
2019-03-01,706471.0
2019-03-02,787781.0
2019-03-03,2915295.0
2019-03-04,3402827.0
2019-03-05,2671224.0
2019-03-06,1950083.0
2019-03-07,2913455.0
2019-03-08,2747080.0
2019-03-09,3223247.0
2019-03-10,1927646.0
2019-03-11,2341412.0
2019-03-12,2284319.0
2019-03-13,3390680.0
2019-03-14,3061884.0
2019-03-15,3163263.0
2019-03-16,2679569.0
2019-03-17,2665583.0
2019-03-18,2459526.0
2019-03-19,672069.0
2019-03-20,688577.0
2019-03-21,535977.0
2019-03-22,339281.0
2019-03-23,603012.0
2019-03-24,494699.0
2019-03-25,1868919.0
2019-03-26,1465885.0
2019-03-27,733953.0
2019-03-28,403907.0
2019-03-29,358796.0
2019-03-30,486357.0
2019-03-31,787496.0
2019-04-01,1077198.0
2019-04-02,1452456.0
2019-04-03,647538.0
2019-04-04,556901.0
2019-04-05,342339.0
2019-04-06,570560.0
2019-04-07,624763.0
2019-04-08,586866.0
2019-04-09,915535.0
2019-04-10,1022184.0
2019-04-11,866568.0
2019-04-12,674380.0
2019-04-13,762235.0
2019-04-14,944316.0
2019-04-15,1099061.0
2019-04-16,1284986.0
2019-04-17,1161726.0
2019-04-18,1459929.0
2019-04-19,1079953.0
2019-04-20,632947.0
2019-04-21,498799.0
2019-04-22,1656147.0
2019-04-23,2550582.0
2019-04-24,1575692.0
2019-04-25,1144177.0
2019-04-26,1033073.0
2019-04-27,911130.0
2019-04-28,446009.0
2019-04-29,903889.0
2019-04-30,614153.0
2019-05-01,861740.0
2019-05-02,1405020.0
2019-05-03,1249219.0
2019-05-04,925919.0
2019-05-05,657468.0
2019-05-06,969397.0
2019-05-07,375950.0
2019-05-08,1091131.0
2019-05-09,834413.0
2019-05-10,776961.0
2019-05-11,895788.0
2019-05-12,1318025.0
2019-05-13,1035499.0
2019-05-14,955443.0
2019-05-15,890273.0
2019-05-16,858456.0
2019-05-17,432372.0
2019-05-18,462655.0
2019-05-19,420496.0
2019-05-20,673829.0
2019-05-21,1263608.0
2019-05-22,1416556.0
2019-05-23,308360.0
2019-05-24,583206.0
2019-05-25,477941.0
2019-05-26,1101052.0
2019-05-27,937883.0
2019-05-28,450963.0
2019-05-29,339006.0
2019-05-30,1107158.0
2019-05-31,586171.0
2019-06-01,360378.0
2019-06-02,546619.0
2019-06-03,755057.0
2019-06-04,492824.0
2019-06-05,738394.0
2019-06-06,1201715.0
2019-06-07,824831.0
2019-06-08,2071562.0
2019-06-09,625319.0
2019-06-10,566491.0
2019-06-11,348613.0
2019-06-12,651300.0
2019-06-13,801292.0
2019-06-14,602441.0
2019-06-15,1169274.0
2019-06-16,306786.0
2019-06-17,189700.0
2019-06-18,435693.0
2019-06-19,496677.0
2019-06-20,544928.0
2019-06-21,290486.0
2019-06-22,598822.0
2019-06-23,798781.0
2019-06-24,922675.0
2019-06-25,666949.0
2019-06-26,797816.0
2019-06-27,1056184.0
2019-06-28,307465.0
2019-06-29,215070.0
2019-06-30,1055713.0
2019-07-01,1119300.0
2019-07-02,1220242.0
2019-07-03,792348.0
2019-07-04,788226.0
2019-07-05,932785.0
2019-07-06,990805.0
2019-07-07,1152371.0
2019-07-08,820552.0
2019-07-09,708837.0
2019-07-10,397027.0
2019-07-11,177999.0
2019-07-12,322698.0
2019-07-13,649309.0
2019-07-14,396334.0
2019-07-15,577050.0
2019-07-16,745290.0
2019-07-17,165630.0
2019-07-18,199455.0
2019-07-19,289131.0
2019-07-20,702103.0
2019-07-21,861459.0
2019-07-22,341354.0
2019-07-23,217921.0
2019-07-24,387332.0
2019-07-25,517059.0
2019-07-26,1059279.0
2019-07-27,1277699.0
2019-07-28,648124.0
2019-07-29,385910.0
2019-07-30,272400.0
2019-07-31,475379.0
2019-08-01,180719.0
2019-08-02,173956.0
2019-08-03,308526.0
2019-08-04,176941.0
2019-08-05,348255.0
2019-08-06,507607.0
2019-08-07,573381.0
2019-08-08,1018646.0
2019-08-09,501904.0
2019-08-10,1908356.0
2019-08-11,1080883.0
2019-08-12,731783.0
2019-08-13,885979.0
2019-08-14,485790.0
2019-08-15,1219654.0
2019-08-16,626700.0
2019-08-17,1305655.0
2019-08-18,855541.0
2019-08-19,851520.0
2019-08-20,410388.0
2019-08-21,217520.0
2019-08-22,361208.0
2019-08-23,281795.0
2019-08-24,501776.0
2019-08-25,446668.0
2019-08-26,279745.0
2019-08-27,300704.0
2019-08-28,348172.0
2019-08-29,312817.0
2019-08-30,105477.0
2019-08-31,447864.0
2019-09-01,825592.0
2019-09-02,554441.0
2019-09-03,877416.0
2019-09-04,866347.0
2019-09-05,1466562.0
2019-09-06,824157.0
2019-09-07,304280.0
2019-09-08,93686.0
2019-09-09,412076.0
2019-09-10,973806.0
2019-09-11,1063491.0
2019-09-12,841061.0
2019-09-13,1038805.0
2019-09-14,257938.0
2019-09-15,1254819.0
2019-09-16,531990.0
2019-09-17,1859878.0
2019-09-18,1384568.0
2019-09-19,651383.0
2019-09-20,394000.0
2019-09-21,574197.0
2019-09-22,755719.0
2019-09-23,577498.0
2019-09-24,332453.0
2019-09-25,546156.0
2019-09-26,774247.0
2019-09-27,1194705.0
2019-09-28,2168612.0
2019-09-29,2359642.0
2019-09-30,2742686.0
2019-10-01,1507722.0
2019-10-02,1302968.0
2019-10-03,982757.0
2019-10-04,877164.0
2019-10-05,1010708.0
2019-10-06,960742.0
2019-10-07,468068.0
2019-10-08,1694659.0
2019-10-09,1779932.0
2019-10-10,2143434.0
2019-10-11,2781234.0
2019-10-12,1904134.0
2019-10-13,1458419.0
2019-10-14,1034824.0
2019-10-15,628898.0
2019-10-16,1451716.0
2019-10-17,1087542.0
2019-10-18,1671488.0
2019-10-19,1370938.0
2019-10-20,476157.0
2019-10-21,562422.0
2019-10-22,452042.0
2019-10-23,542656.0
2019-10-24,807919.0
2019-10-25,1608481.0
2019-10-26,2390604.0
2019-10-27,2035396.0
2019-10-28,863749.0
2019-10-29,459031.0
2019-10-30,476300.0
2019-10-31,602936.0
2019-11-01,1349217.0
2019-11-02,1934039.0
2019-11-03,960260.0
2019-11-04,908319.0
2019-11-05,646566.0
2019-11-06,384613.0
2019-11-07,887967.0
2019-11-08,428424.0
2019-11-09,503350.0
2019-11-10,343293.0
2019-11-11,1229927.0
2019-11-12,1586949.0
2019-11-13,1064337.0
2019-11-14,1133786.0
2019-11-15,1494109.0
2019-11-16,977589.0
2019-11-17,968993.0
2019-11-18,1094346.0
2019-11-19,1241400.0
2019-11-20,110612.0
2019-11-21,321168.0
2019-11-22,817326.0
2019-11-23,1917516.0
2019-11-24,812133.0
2019-11-25,174484.0
2019-11-26,679207.0
2019-11-27,1777089.0
2019-11-28,3009556.0
2019-11-29,2011325.0
2019-11-30,621043.0
2019-12-01,417830.0
2019-12-02,980908.0
2019-12-03,709616.0
2019-12-04,766013.0
2019-12-05,1147774.0
2019-12-06,2961939.0
2019-12-07,2834751.0
2019-12-08,3173035.0
2019-12-09,2478709.0
2019-12-10,1768259.0
2019-12-11,1486833.0
2019-12-12,1139784.0
2019-12-13,1913042.0
2019-12-14,2797048.0
2019-12-15,2888248.0
2019-12-16,1357624.0
2019-12-17,1873868.0
2019-12-18,1268988.0
2019-12-19,1664836.0
2019-12-20,2039429.0
2019-12-21,1270034.0
2019-12-22,1398489.0
2019-12-23,1955791.0
2019-12-24,1639792.0
2019-12-25,1034025.0
2019-12-26,473010.0
2019-12-27,429226.0
2019-12-28,354703.0
2019-12-29,872311.0
2019-12-30,2110695.0
2019-12-31,1451019.0
2020-01-01,581298.0
2020-01-02,990412.0
2020-01-03,2510588.0
2020-01-04,2743038.0
2020-01-05,894626.0
2020-01-06,1007169.0
2020-01-07,1490621.0
2020-01-08,1886193.0
2020-01-09,1739514.0
2020-01-10,2113443.0
2020-01-11,1586501.0
2020-01-12,2636131.0
2020-01-13,1403363.0
2020-01-14,3127886.0
2020-01-15,2943224.0
2020-01-16,1361011.0
2020-01-17,1803471.0
2020-01-18,1612292.0
2020-01-19,701973.0
2020-01-20,589529.0
2020-01-21,1056765.0
2020-01-22,777617.0
2020-01-23,267395.0
2020-01-24,495149.0
2020-01-25,379011.0
2020-01-26,560333.0
2020-01-27,1776455.0
2020-01-28,2836683.0
2020-01-29,2903719.0
2020-01-30,2836123.0
2020-01-31,3067176.0
2020-02-01,3086215.0
2020-02-02,2138233.0
2020-02-03,2195200.0
2020-02-04,2282808.0
2020-02-05,1298843.0
2020-02-06,1009930.0
2020-02-07,683543.0
2020-02-08,1320838.0
2020-02-09,2957018.0
2020-02-10,3388318.0
2020-02-11,3654150.0
2020-02-12,3323440.0
2020-02-13,2001908.0
2020-02-14,907710.0
2020-02-15,2134703.0
2020-02-16,3365281.0
2020-02-17,2905517.0
2020-02-18,3157674.0
2020-02-19,2746839.0
2020-02-20,2419594.0
2020-02-21,2881169.0
2020-02-22,3503464.0
2020-02-23,3027937.0
2020-02-24,2192463.0
2020-02-25,2908426.0
2020-02-26,1655132.0
2020-02-27,1022676.0
2020-02-28,2019994.0
2020-02-29,2898090.0
2020-03-01,2523179.0
2020-03-02,989300.0
2020-03-03,1009247.0
2020-03-04,793147.0
2020-03-05,1116030.0
2020-03-06,1806750.0
2020-03-07,1354070.0
2020-03-08,1892836.0
2020-03-09,1087757.0
2020-03-10,3137253.0
2020-03-11,2454794.0
2020-03-12,3211218.0
2020-03-13,2793647.0
2020-03-14,698306.0
2020-03-15,1963997.0
2020-03-16,663875.0
2020-03-17,696840.0
2020-03-18,1214283.0
2020-03-19,228975.0
2020-03-20,725873.0
2020-03-21,2160846.0
2020-03-22,1859316.0
2020-03-23,1468971.0
2020-03-24,1319380.0
2020-03-25,1509815.0
2020-03-26,1650865.0
2020-03-27,1354154.0
2020-03-28,1107494.0
2020-03-29,2075515.0
2020-03-30,882402.0
2020-03-31,460304.0
2020-04-01,810609.0
2020-04-02,1308148.0
2020-04-03,1383050.0
2020-04-04,393919.0
2020-04-05,1547103.0
2020-04-06,1218315.0
2020-04-07,570604.0
2020-04-08,551852.0
2020-04-09,525100.0
2020-04-10,375903.0
2020-04-11,255573.0
2020-04-12,505398.0
2020-04-13,1690777.0
2020-04-14,1031196.0
2020-04-15,933542.0
2020-04-16,554615.0
2020-04-17,295869.0
2020-04-18,664545.0
2020-04-19,1338388.0
2020-04-20,2171414.0
2020-04-21,2495859.0
2020-04-22,1807249.0
2020-04-23,530949.0
2020-04-24,1012702.0
2020-04-25,686904.0
2020-04-26,147865.0
2020-04-27,264975.0
2020-04-28,473713.0
2020-04-29,700736.0
2020-04-30,1375395.0
2020-05-01,1392255.0
2020-05-02,1255953.0
2020-05-03,501834.0
2020-05-04,513743.0
2020-05-05,793679.0
2020-05-06,790146.0
2020-05-07,444360.0
2020-05-08,177486.0
2020-05-09,269194.0
2020-05-10,694403.0
2020-05-11,2022947.0
2020-05-12,854203.0
2020-05-13,449033.0
2020-05-14,688959.0
2020-05-15,842746.0
2020-05-16,848998.0
2020-05-17,862137.0
2020-05-18,804418.0
2020-05-19,590623.0
2020-05-20,171681.0
2020-05-21,202820.0
2020-05-22,859374.0
2020-05-23,1268376.0
2020-05-24,1634004.0
2020-05-25,1343982.0
2020-05-26,175738.0
2020-05-27,389871.0
2020-05-28,918750.0
2020-05-29,516600.0
2020-05-30,921042.0
2020-05-31,995903.0
2020-06-01,797582.0
2020-06-02,388862.0
2020-06-03,371975.0
2020-06-04,571257.0
2020-06-05,1478145.0
2020-06-06,1585835.0
2020-06-07,885813.0
2020-06-08,162772.0
2020-06-09,345746.0
2020-06-10,453948.0
2020-06-11,470202.0
2020-06-12,684536.0
2020-06-13,787579.0
2020-06-14,808127.0
2020-06-15,451794.0
2020-06-16,97356.0
2020-06-17,251477.0
2020-06-18,464773.0
2020-06-19,516616.0
2020-06-20,927708.0
2020-06-21,362839.0
2020-06-22,534285.0
2020-06-23,293796.0
2020-06-24,481369.0
2020-06-25,740108.0
2020-06-26,556141.0
2020-06-27,585095.0
2020-06-28,929086.0
2020-06-29,952490.0
2020-06-30,1825065.0
2020-07-01,1105023.0
2020-07-02,645593.0
2020-07-03,758573.0
2020-07-04,1856108.0
2020-07-05,2146951.0
2020-07-06,2191901.0
2020-07-07,876973.0
2020-07-08,410273.0
2020-07-09,619626.0
2020-07-10,1187638.0
2020-07-11,543088.0
2020-07-12,363086.0
2020-07-13,183744.0
2020-07-14,334583.0
2020-07-15,205058.0
2020-07-16,194304.0
2020-07-17,173703.0
2020-07-18,58525.0
2020-07-19,212719.0
2020-07-20,500349.0
2020-07-21,479035.0
2020-07-22,287079.0
2020-07-23,174891.0
2020-07-24,837098.0
2020-07-25,386528.0
2020-07-26,1001457.0
2020-07-27,505186.0
2020-07-28,1649355.0
2020-07-29,1162538.0
2020-07-30,397514.0
2020-07-31,249653.0
2020-08-01,626276.0
2020-08-02,396344.0
2020-08-03,301688.0
2020-08-04,264821.0
2020-08-05,536154.0
2020-08-06,388979.0
2020-08-07,263295.0
2020-08-08,207111.0
2020-08-09,384718.0
2020-08-10,547637.0
2020-08-11,865396.0
2020-08-12,817076.0
2020-08-13,558070.0
2020-08-14,233937.0
2020-08-15,132017.0
2020-08-16,434924.0
2020-08-17,414787.0
2020-08-18,298154.0
2020-08-19,177143.0
2020-08-20,568591.0
2020-08-21,1008978.0
2020-08-22,1222256.0
2020-08-23,1513821.0
2020-08-24,828107.0
2020-08-25,853161.0
2020-08-26,3296451.0
2020-08-27,1220415.0
2020-08-28,958164.0
2020-08-29,685974.0
2020-08-30,345943.0
2020-08-31,377507.0
2020-09-01,284937.0
2020-09-02,170082.0
2020-09-03,948706.0
2020-09-04,909648.0
2020-09-05,706275.0
2020-09-06,548787.0
2020-09-07,314920.0
2020-09-08,1155312.0
2020-09-09,934940.0
2020-09-10,438752.0
2020-09-11,196923.0
2020-09-12,901104.0
2020-09-13,666773.0
2020-09-14,282438.0
2020-09-15,257455.0
2020-09-16,594070.0
2020-09-17,1015053.0
2020-09-18,910111.0
2020-09-19,811535.0
2020-09-20,587287.0
2020-09-21,209287.0
2020-09-22,121901.0
2020-09-23,579494.0
2020-09-24,1593745.0
2020-09-25,1021425.0
2020-09-26,1210852.0
2020-09-27,542918.0
2020-09-28,232119.0
2020-09-29,222064.0
2020-09-30,186240.0
2020-10-01,837207.0
2020-10-02,1400686.0
2020-10-03,1729953.0
2020-10-04,1752127.0
2020-10-05,1474423.0
2020-10-06,2049189.0
2020-10-07,1581087.0
2020-10-08,2298359.0
2020-10-09,898114.0
2020-10-10,1267787.0
2020-10-11,869893.0
2020-10-12,279305.0
2020-10-13,398913.0
2020-10-14,1986162.0
2020-10-15,1283444.0
2020-10-16,574725.0
2020-10-17,163289.0
2020-10-18,1142105.0
2020-10-19,524202.0
2020-10-20,1570761.0
2020-10-21,1998380.0
2020-10-22,2115993.0
2020-10-23,856146.0
2020-10-24,1671877.0
2020-10-25,1922902.0
2020-10-26,1047898.0
2020-10-27,1991026.0
2020-10-28,2199541.0
2020-10-29,2243469.0
2020-10-30,2151691.0
2020-10-31,996037.0
2020-11-01,1871801.0
2020-11-02,2913174.0
2020-11-03,1458351.0
2020-11-04,1093394.0
2020-11-05,943674.0
2020-11-06,560871.0
2020-11-07,498970.0
2020-11-08,317143.0
2020-11-09,284152.0
2020-11-10,243110.0
2020-11-11,157287.0
2020-11-12,994334.0
2020-11-13,941849.0
2020-11-14,1012658.0
2020-11-15,2358839.0
2020-11-16,2213493.0
2020-11-17,1840393.0
2020-11-18,1587586.0
2020-11-19,2701366.0
2020-11-20,1004724.0
2020-11-21,2251513.0
2020-11-22,1867831.0
2020-11-23,1306473.0
2020-11-24,1059277.0
2020-11-25,831781.0
2020-11-26,556203.0
2020-11-27,155783.0
2020-11-28,463287.0
2020-11-29,333391.0
2020-11-30,755461.0
2020-12-01,482551.0
2020-12-02,246415.0
2020-12-03,1372598.0
2020-12-04,1792393.0
2020-12-05,730924.0
2020-12-06,741943.0
2020-12-07,1055122.0
2020-12-08,477619.0
2020-12-09,276195.0
2020-12-10,176162.0
2020-12-11,1109454.0
2020-12-12,620369.0
2020-12-13,441350.0
2020-12-14,1551613.0
2020-12-15,966691.0
2020-12-16,715858.0
2020-12-17,1620579.0
2020-12-18,1379181.0
2020-12-19,1719778.0
2020-12-20,1075593.0
2020-12-21,1707742.0
2020-12-22,2472855.0
2020-12-23,998769.0
2020-12-24,1661595.0
2020-12-25,720985.0
2020-12-26,1777430.0
2020-12-27,3310536.0
2020-12-28,1141591.0
2020-12-29,1171888.0
2020-12-30,1527997.0
2020-12-31,990715.0
