date_time,maxtempC,mintempC,totalSnow_cm,sunHour,uvIndex,moon_illumination,moonrise,moonset,sunrise,sunset,DewPointC,FeelsLikeC,HeatIndexC,WindChillC,WindGustKmph,cloudcover,humidity,precipMM,pressure,tempC,visibility,winddirDegree,windspeedKmph,location
2021-01-01 00:00:00,2,-2,0.0,3.9,2,79,07:47 PM,11:06 AM,09:10 AM,05:26 PM,-2,-4,-1,-4,11,75,93,0.0,1007,-1,10,161,6,Pilsach
2021-01-01 01:00:00,2,-2,0.0,3.9,2,79,07:47 PM,11:06 AM,09:10 AM,05:26 PM,-2,-3,-1,-3,10,81,93,0.0,1007,-1,9,157,6,Pilsach
2021-01-01 02:00:00,2,-2,0.0,3.9,2,79,07:47 PM,11:06 AM,09:10 AM,05:26 PM,-2,-3,-1,-3,9,88,93,0.0,1007,-1,8,153,5,Pilsach
2021-01-01 03:00:00,2,-2,0.0,3.9,2,79,07:47 PM,11:06 AM,09:10 AM,05:26 PM,-2,-2,-1,-2,8,94,93,0.0,1008,-1,7,150,5,Pilsach
2021-01-01 04:00:00,2,-2,0.0,3.9,2,79,07:47 PM,11:06 AM,09:10 AM,05:26 PM,-1,-2,-0,-2,8,96,94,0.0,1008,-0,5,151,5,Pilsach
2021-01-01 05:00:00,2,-2,0.0,3.9,2,79,07:47 PM,11:06 AM,09:10 AM,05:26 PM,-1,-2,-0,-2,8,98,94,0.0,1008,-0,4,153,5,Pilsach
2021-01-01 06:00:00,2,-2,0.0,3.9,2,79,07:47 PM,11:06 AM,09:10 AM,05:26 PM,-1,-2,-0,-2,8,100,95,0.0,1008,-0,3,155,5,Pilsach
2021-01-01 07:00:00,2,-2,0.0,3.9,2,79,07:47 PM,11:06 AM,09:10 AM,05:26 PM,-1,-2,-0,-2,8,100,94,0.0,1009,-0,4,169,5,Pilsach
2021-01-01 08:00:00,2,-2,0.0,3.9,2,79,07:47 PM,11:06 AM,09:10 AM,05:26 PM,-1,-2,0,-2,8,100,94,0.0,1009,0,6,184,5,Pilsach
2021-01-01 09:00:00,2,-2,0.0,3.9,2,79,07:47 PM,11:06 AM,09:10 AM,05:26 PM,-1,-1,0,-1,7,100,93,0.0,1010,0,7,199,5,Pilsach
2021-01-01 10:00:00,2,-2,0.0,3.9,2,79,07:47 PM,11:06 AM,09:10 AM,05:26 PM,-1,-1,1,-1,7,91,90,0.0,1010,1,8,219,5,Pilsach
2021-01-01 11:00:00,2,-2,0.0,3.9,2,79,07:47 PM,11:06 AM,09:10 AM,05:26 PM,-1,0,1,0,6,81,88,0.0,1010,1,9,238,5,Pilsach
2021-01-01 12:00:00,2,-2,0.0,3.9,2,79,07:47 PM,11:06 AM,09:10 AM,05:26 PM,-1,1,2,1,5,72,85,0.0,1010,2,10,258,4,Pilsach
2021-01-01 13:00:00,2,-2,0.0,3.9,2,79,07:47 PM,11:06 AM,09:10 AM,05:26 PM,-1,1,2,1,5,65,86,0.0,1010,2,10,278,4,Pilsach
2021-01-01 14:00:00,2,-2,0.0,3.9,2,79,07:47 PM,11:06 AM,09:10 AM,05:26 PM,-1,1,1,1,5,58,87,0.0,1010,1,10,299,4,Pilsach
2021-01-01 15:00:00,2,-2,0.0,3.9,2,79,07:47 PM,11:06 AM,09:10 AM,05:26 PM,-1,1,1,1,5,52,89,0.0,1010,1,10,319,3,Pilsach
2021-01-01 16:00:00,2,-2,0.0,3.9,2,79,07:47 PM,11:06 AM,09:10 AM,05:26 PM,-1,-0,0,-0,5,51,90,0.0,1011,0,8,252,3,Pilsach
2021-01-01 17:00:00,2,-2,0.0,3.9,2,79,07:47 PM,11:06 AM,09:10 AM,05:26 PM,-2,-1,-1,-1,6,51,92,0.0,1011,-1,6,186,3,Pilsach
2021-01-01 18:00:00,2,-2,0.0,3.9,2,79,07:47 PM,11:06 AM,09:10 AM,05:26 PM,-2,-2,-1,-2,7,50,93,0.0,1011,-1,5,119,4,Pilsach
2021-01-01 19:00:00,2,-2,0.0,3.9,2,79,07:47 PM,11:06 AM,09:10 AM,05:26 PM,-2,-3,-2,-3,8,47,94,0.0,1012,-2,4,87,4,Pilsach
2021-01-01 20:00:00,2,-2,0.0,3.9,2,79,07:47 PM,11:06 AM,09:10 AM,05:26 PM,-3,-3,-2,-3,8,44,94,0.0,1012,-2,3,54,4,Pilsach
2021-01-01 21:00:00,2,-2,0.0,3.9,2,79,07:47 PM,11:06 AM,09:10 AM,05:26 PM,-3,-4,-2,-4,9,41,95,0.0,1013,-2,2,22,4,Pilsach
2021-01-01 22:00:00,2,-2,0.0,3.9,2,79,07:47 PM,11:06 AM,09:10 AM,05:26 PM,-3,-4,-2,-4,9,52,95,0.0,1013,-2,2,22,5,Pilsach
2021-01-01 23:00:00,2,-2,0.0,3.9,2,79,07:47 PM,11:06 AM,09:10 AM,05:26 PM,-3,-4,-2,-4,9,64,96,0.0,1013,-2,2,23,5,Pilsach
2021-01-02 00:00:00,1,-5,0.0,5.8,1,71,09:02 PM,11:38 AM,09:10 AM,05:27 PM,-3,-4,-2,-4,9,75,96,0.0,1013,-2,2,23,5,Pilsach
2021-01-02 01:00:00,1,-5,0.0,5.8,1,71,09:02 PM,11:38 AM,09:10 AM,05:27 PM,-3,-4,-3,-4,9,67,96,0.0,1013,-3,2,25,5,Pilsach
2021-01-02 02:00:00,1,-5,0.0,5.8,1,71,09:02 PM,11:38 AM,09:10 AM,05:27 PM,-3,-5,-3,-5,9,60,96,0.0,1013,-3,2,26,5,Pilsach
2021-01-02 03:00:00,1,-5,0.0,5.8,1,71,09:02 PM,11:38 AM,09:10 AM,05:27 PM,-4,-5,-3,-5,9,52,96,0.0,1013,-3,2,28,5,Pilsach
2021-01-02 04:00:00,1,-5,0.0,5.8,1,71,09:02 PM,11:38 AM,09:10 AM,05:27 PM,-4,-5,-3,-5,10,48,95,0.0,1013,-3,2,30,5,Pilsach
2021-01-02 05:00:00,1,-5,0.0,5.8,1,71,09:02 PM,11:38 AM,09:10 AM,05:27 PM,-4,-5,-3,-5,11,45,95,0.0,1013,-3,2,32,5,Pilsach
2021-01-02 06:00:00,1,-5,0.0,5.8,1,71,09:02 PM,11:38 AM,09:10 AM,05:27 PM,-4,-5,-3,-5,12,41,95,0.0,1013,-3,2,35,6,Pilsach
2021-01-02 07:00:00,1,-5,0.0,5.8,1,71,09:02 PM,11:38 AM,09:10 AM,05:27 PM,-3,-5,-3,-5,12,49,94,0.0,1013,-3,4,38,7,Pilsach
2021-01-02 08:00:00,1,-5,0.0,5.8,1,71,09:02 PM,11:38 AM,09:10 AM,05:27 PM,-3,-5,-2,-5,12,58,93,0.0,1013,-2,6,41,8,Pilsach
2021-01-02 09:00:00,1,-5,0.0,5.8,1,71,09:02 PM,11:38 AM,09:10 AM,05:27 PM,-3,-5,-2,-5,13,66,92,0.0,1013,-2,7,44,9,Pilsach
2021-01-02 10:00:00,1,-5,0.0,5.8,1,71,09:02 PM,11:38 AM,09:10 AM,05:27 PM,-2,-4,-1,-4,13,61,90,0.0,1013,-1,8,45,10,Pilsach
2021-01-02 11:00:00,1,-5,0.0,5.8,1,71,09:02 PM,11:38 AM,09:10 AM,05:27 PM,-2,-3,0,-3,14,56,88,0.0,1013,0,9,47,11,Pilsach
2021-01-02 12:00:00,1,-5,0.0,5.8,1,71,09:02 PM,11:38 AM,09:10 AM,05:27 PM,-1,-3,1,-3,14,50,86,0.0,1013,1,10,49,12,Pilsach
2021-01-02 13:00:00,1,-5,0.0,5.8,1,71,09:02 PM,11:38 AM,09:10 AM,05:27 PM,-1,-3,1,-3,15,49,86,0.0,1012,1,10,47,12,Pilsach
2021-01-02 14:00:00,1,-5,0.0,5.8,1,71,09:02 PM,11:38 AM,09:10 AM,05:27 PM,-1,-3,0,-3,17,47,87,0.0,1012,0,10,46,12,Pilsach
2021-01-02 15:00:00,1,-5,0.0,5.8,1,71,09:02 PM,11:38 AM,09:10 AM,05:27 PM,-2,-4,0,-4,18,46,88,0.0,1012,0,10,45,12,Pilsach
2021-01-02 16:00:00,1,-5,0.0,5.8,1,71,09:02 PM,11:38 AM,09:10 AM,05:27 PM,-2,-4,-0,-4,19,52,89,0.0,1012,-0,10,46,13,Pilsach
2021-01-02 17:00:00,1,-5,0.0,5.8,1,71,09:02 PM,11:38 AM,09:10 AM,05:27 PM,-2,-5,-1,-5,21,59,90,0.0,1012,-1,10,47,14,Pilsach
2021-01-02 18:00:00,1,-5,0.0,5.8,1,71,09:02 PM,11:38 AM,09:10 AM,05:27 PM,-3,-6,-1,-6,23,65,91,0.0,1012,-1,10,47,15,Pilsach
2021-01-02 19:00:00,1,-5,0.0,5.8,1,71,09:02 PM,11:38 AM,09:10 AM,05:27 PM,-3,-6,-2,-6,21,74,91,0.0,1012,-3,10,48,14,Pilsach
2021-01-02 20:00:00,1,-5,0.0,5.8,1,71,09:02 PM,11:38 AM,09:10 AM,05:27 PM,-3,-7,-3,-7,20,82,91,0.0,1012,-4,10,49,13,Pilsach
2021-01-02 21:00:00,1,-5,0.0,5.8,1,71,09:02 PM,11:38 AM,09:10 AM,05:27 PM,-3,-7,-4,-7,18,91,91,0.0,1012,-5,10,50,12,Pilsach
2021-01-02 22:00:00,1,-5,0.0,5.8,1,71,09:02 PM,11:38 AM,09:10 AM,05:27 PM,-2,-6,-3,-6,16,94,91,0.0,1011,-4,10,38,10,Pilsach
2021-01-02 23:00:00,1,-5,0.0,5.8,1,71,09:02 PM,11:38 AM,09:10 AM,05:27 PM,-2,-5,-3,-5,14,97,92,0.0,1011,-4,10,26,9,Pilsach
2021-01-03 00:00:00,1,-3,2.6,2.0,1,64,10:18 PM,12:05 PM,09:09 AM,05:28 PM,-2,-5,-2,-5,12,100,92,0.0,1011,-3,10,14,8,Pilsach
2021-01-03 01:00:00,1,-3,2.6,2.0,1,64,10:18 PM,12:05 PM,09:09 AM,05:28 PM,-1,-4,-2,-4,10,100,94,0.0,1011,-2,8,83,7,Pilsach
2021-01-03 02:00:00,1,-3,2.6,2.0,1,64,10:18 PM,12:05 PM,09:09 AM,05:28 PM,-1,-3,-1,-3,9,100,95,0.2,1010,-1,6,151,6,Pilsach
2021-01-03 03:00:00,1,-3,2.6,2.0,1,64,10:18 PM,12:05 PM,09:09 AM,05:28 PM,-1,-2,-1,-2,8,100,97,0.3,1010,-1,5,220,5,Pilsach
2021-01-03 04:00:00,1,-3,2.6,2.0,1,64,10:18 PM,12:05 PM,09:09 AM,05:28 PM,-1,-2,-1,-2,8,100,97,0.1,1010,-1,4,248,5,Pilsach
2021-01-03 05:00:00,1,-3,2.6,2.0,1,64,10:18 PM,12:05 PM,09:09 AM,05:28 PM,-1,-2,-1,-2,7,100,98,0.6,1010,-1,3,277,5,Pilsach
2021-01-03 06:00:00,1,-3,2.6,2.0,1,64,10:18 PM,12:05 PM,09:09 AM,05:28 PM,-1,-2,-1,-2,6,100,99,0.8,1010,-1,2,305,4,Pilsach
2021-01-03 07:00:00,1,-3,2.6,2.0,1,64,10:18 PM,12:05 PM,09:09 AM,05:28 PM,-1,-1,-0,-1,6,100,98,0.4,1010,-0,2,295,4,Pilsach
2021-01-03 08:00:00,1,-3,2.6,2.0,1,64,10:18 PM,12:05 PM,09:09 AM,05:28 PM,-1,-1,-0,-1,5,100,98,0.4,1010,-0,2,285,3,Pilsach
2021-01-03 09:00:00,1,-3,2.6,2.0,1,64,10:18 PM,12:05 PM,09:09 AM,05:28 PM,-1,-1,-0,-1,4,100,97,0.5,1011,-0,2,276,3,Pilsach
2021-01-03 10:00:00,1,-3,2.6,2.0,1,64,10:18 PM,12:05 PM,09:09 AM,05:28 PM,-0,-0,0,-0,4,100,97,0.2,1011,0,2,272,3,Pilsach
2021-01-03 11:00:00,1,-3,2.6,2.0,1,64,10:18 PM,12:05 PM,09:09 AM,05:28 PM,-0,-0,0,-0,4,100,96,0.1,1011,0,2,267,3,Pilsach
2021-01-03 12:00:00,1,-3,2.6,2.0,1,64,10:18 PM,12:05 PM,09:09 AM,05:28 PM,0,-0,1,-0,4,100,96,0.1,1011,1,2,263,4,Pilsach
2021-01-03 13:00:00,1,-3,2.6,2.0,1,64,10:18 PM,12:05 PM,09:09 AM,05:28 PM,0,-0,1,-0,4,100,96,0.0,1011,1,3,256,3,Pilsach
2021-01-03 14:00:00,1,-3,2.6,2.0,1,64,10:18 PM,12:05 PM,09:09 AM,05:28 PM,0,0,0,0,4,100,97,0.0,1011,0,3,249,3,Pilsach
2021-01-03 15:00:00,1,-3,2.6,2.0,1,64,10:18 PM,12:05 PM,09:09 AM,05:28 PM,0,0,0,0,4,100,97,0.0,1011,0,4,242,3,Pilsach
2021-01-03 16:00:00,1,-3,2.6,2.0,1,64,10:18 PM,12:05 PM,09:09 AM,05:28 PM,-0,-0,0,-0,4,100,98,0.0,1012,0,3,225,3,Pilsach
2021-01-03 17:00:00,1,-3,2.6,2.0,1,64,10:18 PM,12:05 PM,09:09 AM,05:28 PM,-0,-1,-0,-1,4,100,98,0.0,1012,-0,2,209,3,Pilsach
2021-01-03 18:00:00,1,-3,2.6,2.0,1,64,10:18 PM,12:05 PM,09:09 AM,05:28 PM,-1,-1,-0,-1,5,100,99,0.0,1012,-0,2,192,3,Pilsach
2021-01-03 19:00:00,1,-3,2.6,2.0,1,64,10:18 PM,12:05 PM,09:09 AM,05:28 PM,-1,-2,-1,-2,6,100,99,0.0,1012,-1,2,182,4,Pilsach
2021-01-03 20:00:00,1,-3,2.6,2.0,1,64,10:18 PM,12:05 PM,09:09 AM,05:28 PM,-1,-2,-1,-2,6,100,99,0.1,1013,-1,1,172,4,Pilsach
2021-01-03 21:00:00,1,-3,2.6,2.0,1,64,10:18 PM,12:05 PM,09:09 AM,05:28 PM,-2,-3,-1,-3,7,100,99,0.1,1013,-1,1,161,4,Pilsach
2021-01-03 22:00:00,1,-3,2.6,2.0,1,64,10:18 PM,12:05 PM,09:09 AM,05:28 PM,-1,-2,-1,-2,7,95,98,0.1,1013,-1,2,159,4,Pilsach
2021-01-03 23:00:00,1,-3,2.6,2.0,1,64,10:18 PM,12:05 PM,09:09 AM,05:28 PM,-1,-2,-1,-2,6,89,96,0.0,1013,-1,2,156,4,Pilsach
2021-01-04 00:00:00,1,-5,0.0,2.1,1,57,11:36 PM,12:27 PM,09:09 AM,05:30 PM,-1,-2,-1,-2,6,84,95,0.0,1013,-1,2,154,4,Pilsach
2021-01-04 01:00:00,1,-5,0.0,2.1,1,57,11:36 PM,12:27 PM,09:09 AM,05:30 PM,-1,-2,-1,-2,6,84,95,0.0,1013,-1,2,150,4,Pilsach
2021-01-04 02:00:00,1,-5,0.0,2.1,1,57,11:36 PM,12:27 PM,09:09 AM,05:30 PM,-2,-2,-1,-2,6,84,96,0.0,1013,-1,2,147,3,Pilsach
2021-01-04 03:00:00,1,-5,0.0,2.1,1,57,11:36 PM,12:27 PM,09:09 AM,05:30 PM,-2,-2,-1,-2,5,83,96,0.0,1013,-1,2,143,3,Pilsach
2021-01-04 04:00:00,1,-5,0.0,2.1,1,57,11:36 PM,12:27 PM,09:09 AM,05:30 PM,-2,-2,-1,-2,6,82,95,0.0,1014,-1,4,136,3,Pilsach
2021-01-04 05:00:00,1,-5,0.0,2.1,1,57,11:36 PM,12:27 PM,09:09 AM,05:30 PM,-2,-2,-1,-2,6,80,95,0.0,1014,-1,6,129,4,Pilsach
2021-01-04 06:00:00,1,-5,0.0,2.1,1,57,11:36 PM,12:27 PM,09:09 AM,05:30 PM,-2,-2,-1,-2,6,78,94,0.0,1014,-1,7,122,4,Pilsach
2021-01-04 07:00:00,1,-5,0.0,2.1,1,57,11:36 PM,12:27 PM,09:09 AM,05:30 PM,-2,-2,-1,-2,6,67,93,0.0,1014,-1,8,118,4,Pilsach
2021-01-04 08:00:00,1,-5,0.0,2.1,1,57,11:36 PM,12:27 PM,09:09 AM,05:30 PM,-2,-2,-1,-2,6,57,92,0.0,1014,-1,9,114,4,Pilsach
2021-01-04 09:00:00,1,-5,0.0,2.1,1,57,11:36 PM,12:27 PM,09:09 AM,05:30 PM,-2,-2,-1,-2,6,47,91,0.0,1014,-1,10,111,5,Pilsach
2021-01-04 10:00:00,1,-5,0.0,2.1,1,57,11:36 PM,12:27 PM,09:09 AM,05:30 PM,-2,-2,-0,-2,6,52,89,0.0,1014,-0,10,99,5,Pilsach
2021-01-04 11:00:00,1,-5,0.0,2.1,1,57,11:36 PM,12:27 PM,09:09 AM,05:30 PM,-1,-1,0,-1,6,58,88,0.0,1014,0,10,88,5,Pilsach
2021-01-04 12:00:00,1,-5,0.0,2.1,1,57,11:36 PM,12:27 PM,09:09 AM,05:30 PM,-1,-0,1,-0,6,63,86,0.0,1014,1,10,76,5,Pilsach
2021-01-04 13:00:00,1,-5,0.0,2.1,1,57,11:36 PM,12:27 PM,09:09 AM,05:30 PM,-1,-1,1,-1,8,69,87,0.0,1014,1,8,66,6,Pilsach
2021-01-04 14:00:00,1,-5,0.0,2.1,1,57,11:36 PM,12:27 PM,09:09 AM,05:30 PM,-1,-1,1,-1,9,76,89,0.0,1014,1,6,55,6,Pilsach
2021-01-04 15:00:00,1,-5,0.0,2.1,1,57,11:36 PM,12:27 PM,09:09 AM,05:30 PM,-1,-2,1,-2,10,82,91,0.0,1013,1,5,44,7,Pilsach
2021-01-04 16:00:00,1,-5,0.0,2.1,1,57,11:36 PM,12:27 PM,09:09 AM,05:30 PM,-1,-2,1,-2,12,86,92,0.0,1014,-0,3,44,8,Pilsach
2021-01-04 17:00:00,1,-5,0.0,2.1,1,57,11:36 PM,12:27 PM,09:09 AM,05:30 PM,-1,-2,1,-2,14,91,94,0.0,1014,-1,2,44,8,Pilsach
2021-01-04 18:00:00,1,-5,0.0,2.1,1,57,11:36 PM,12:27 PM,09:09 AM,05:30 PM,-1,-2,1,-2,15,95,96,0.0,1014,-1,1,45,9,Pilsach
2021-01-04 19:00:00,1,-5,0.0,2.1,1,57,11:36 PM,12:27 PM,09:09 AM,05:30 PM,-1,-3,0,-3,16,96,96,0.0,1014,-3,3,46,9,Pilsach
2021-01-04 20:00:00,1,-5,0.0,2.1,1,57,11:36 PM,12:27 PM,09:09 AM,05:30 PM,-1,-4,-1,-4,17,98,97,0.0,1014,-4,5,48,10,Pilsach
2021-01-04 21:00:00,1,-5,0.0,2.1,1,57,11:36 PM,12:27 PM,09:09 AM,05:30 PM,-1,-5,-1,-5,17,100,97,0.0,1014,-5,7,50,10,Pilsach
2021-01-04 22:00:00,1,-5,0.0,2.1,1,57,11:36 PM,12:27 PM,09:09 AM,05:30 PM,-1,-5,-1,-5,18,100,97,0.0,1014,-4,5,53,10,Pilsach
2021-01-04 23:00:00,1,-5,0.0,2.1,1,57,11:36 PM,12:27 PM,09:09 AM,05:30 PM,-1,-5,-2,-5,18,99,97,0.0,1014,-4,3,55,10,Pilsach
2021-01-05 00:00:00,2,-3,0.1,2.1,1,50,No moonrise,12:47 PM,09:09 AM,05:31 PM,-1,-6,-2,-6,18,99,97,0.0,1013,-3,1,58,10,Pilsach
2021-01-05 01:00:00,2,-3,0.1,2.1,1,50,No moonrise,12:47 PM,09:09 AM,05:31 PM,-1,-5,-1,-5,18,99,98,0.0,1013,-2,2,59,10,Pilsach
2021-01-05 02:00:00,2,-3,0.1,2.1,1,50,No moonrise,12:47 PM,09:09 AM,05:31 PM,-0,-4,-0,-4,17,100,98,0.0,1013,-1,2,60,10,Pilsach
2021-01-05 03:00:00,2,-3,0.1,2.1,1,50,No moonrise,12:47 PM,09:09 AM,05:31 PM,0,-3,0,-3,17,100,98,0.0,1013,0,3,60,10,Pilsach
2021-01-05 04:00:00,2,-3,0.1,2.1,1,50,No moonrise,12:47 PM,09:09 AM,05:31 PM,0,-3,1,-3,16,100,98,0.0,1012,1,3,61,10,Pilsach
2021-01-05 05:00:00,2,-3,0.1,2.1,1,50,No moonrise,12:47 PM,09:09 AM,05:31 PM,1,-2,1,-2,16,100,98,0.0,1012,1,2,62,10,Pilsach
2021-01-05 06:00:00,2,-3,0.1,2.1,1,50,No moonrise,12:47 PM,09:09 AM,05:31 PM,1,-2,1,-2,15,100,98,0.0,1012,1,2,63,10,Pilsach
2021-01-05 07:00:00,2,-3,0.1,2.1,1,50,No moonrise,12:47 PM,09:09 AM,05:31 PM,1,-2,1,-2,16,100,98,0.0,1012,1,3,65,10,Pilsach
2021-01-05 08:00:00,2,-3,0.1,2.1,1,50,No moonrise,12:47 PM,09:09 AM,05:31 PM,1,-2,1,-2,16,100,98,0.0,1012,1,5,66,11,Pilsach
2021-01-05 09:00:00,2,-3,0.1,2.1,1,50,No moonrise,12:47 PM,09:09 AM,05:31 PM,1,-2,1,-2,17,100,98,0.0,1013,1,7,68,11,Pilsach
2021-01-05 10:00:00,2,-3,0.1,2.1,1,50,No moonrise,12:47 PM,09:09 AM,05:31 PM,1,-2,2,-2,17,100,97,0.0,1013,2,8,67,12,Pilsach
2021-01-05 11:00:00,2,-3,0.1,2.1,1,50,No moonrise,12:47 PM,09:09 AM,05:31 PM,1,-2,2,-2,17,100,97,0.0,1013,2,9,67,12,Pilsach
2021-01-05 12:00:00,2,-3,0.1,2.1,1,50,No moonrise,12:47 PM,09:09 AM,05:31 PM,1,-2,2,-2,18,100,96,0.0,1012,2,10,66,12,Pilsach
2021-01-05 13:00:00,2,-3,0.1,2.1,1,50,No moonrise,12:47 PM,09:09 AM,05:31 PM,1,-2,2,-2,16,100,97,0.0,1012,2,10,63,11,Pilsach
2021-01-05 14:00:00,2,-3,0.1,2.1,1,50,No moonrise,12:47 PM,09:09 AM,05:31 PM,1,-2,1,-2,15,100,97,0.0,1012,1,10,59,11,Pilsach
2021-01-05 15:00:00,2,-3,0.1,2.1,1,50,No moonrise,12:47 PM,09:09 AM,05:31 PM,1,-2,1,-2,14,100,97,0.0,1012,1,10,56,10,Pilsach
2021-01-05 16:00:00,2,-3,0.1,2.1,1,50,No moonrise,12:47 PM,09:09 AM,05:31 PM,1,-2,1,-2,14,100,97,0.0,1013,1,8,56,10,Pilsach
2021-01-05 17:00:00,2,-3,0.1,2.1,1,50,No moonrise,12:47 PM,09:09 AM,05:31 PM,0,-2,1,-2,15,100,98,0.0,1013,1,6,57,9,Pilsach
2021-01-05 18:00:00,2,-3,0.1,2.1,1,50,No moonrise,12:47 PM,09:09 AM,05:31 PM,0,-3,1,-3,15,100,98,0.0,1013,1,3,58,9,Pilsach
2021-01-05 19:00:00,2,-3,0.1,2.1,1,50,No moonrise,12:47 PM,09:09 AM,05:31 PM,0,-3,0,-3,16,100,98,0.0,1014,0,3,58,10,Pilsach
2021-01-05 20:00:00,2,-3,0.1,2.1,1,50,No moonrise,12:47 PM,09:09 AM,05:31 PM,-0,-3,0,-3,17,100,98,0.0,1014,0,3,59,10,Pilsach
2021-01-05 21:00:00,2,-3,0.1,2.1,1,50,No moonrise,12:47 PM,09:09 AM,05:31 PM,-0,-3,0,-3,17,100,98,0.0,1014,0,3,59,11,Pilsach
2021-01-05 22:00:00,2,-3,0.1,2.1,1,50,No moonrise,12:47 PM,09:09 AM,05:31 PM,-0,-3,0,-3,16,100,98,0.0,1014,0,6,55,10,Pilsach
2021-01-05 23:00:00,2,-3,0.1,2.1,1,50,No moonrise,12:47 PM,09:09 AM,05:31 PM,-0,-3,0,-3,14,100,98,0.0,1014,0,8,50,9,Pilsach
2021-01-06 00:00:00,0,-2,1.4,2.1,1,42,12:53 AM,01:07 PM,09:09 AM,05:32 PM,-0,-3,0,-3,13,100,98,0.0,1013,0,10,46,8,Pilsach
2021-01-06 01:00:00,0,-2,1.4,2.1,1,42,12:53 AM,01:07 PM,09:09 AM,05:32 PM,-0,-3,-0,-3,13,97,98,0.0,1013,-0,9,38,8,Pilsach
2021-01-06 02:00:00,0,-2,1.4,2.1,1,42,12:53 AM,01:07 PM,09:09 AM,05:32 PM,-1,-3,-0,-3,13,94,98,0.0,1013,-0,8,31,8,Pilsach
2021-01-06 03:00:00,0,-2,1.4,2.1,1,42,12:53 AM,01:07 PM,09:09 AM,05:32 PM,-1,-3,-1,-3,13,91,98,0.0,1013,-1,7,24,8,Pilsach
2021-01-06 04:00:00,0,-2,1.4,2.1,1,42,12:53 AM,01:07 PM,09:09 AM,05:32 PM,-1,-3,-1,-3,12,93,98,0.0,1013,-1,6,94,7,Pilsach
2021-01-06 05:00:00,0,-2,1.4,2.1,1,42,12:53 AM,01:07 PM,09:09 AM,05:32 PM,-1,-3,-1,-3,11,94,98,0.0,1013,-1,6,164,7,Pilsach
2021-01-06 06:00:00,0,-2,1.4,2.1,1,42,12:53 AM,01:07 PM,09:09 AM,05:32 PM,-2,-4,-1,-4,10,96,98,0.0,1012,-1,5,234,6,Pilsach
2021-01-06 07:00:00,0,-2,1.4,2.1,1,42,12:53 AM,01:07 PM,09:09 AM,05:32 PM,-1,-3,-1,-3,10,97,98,0.0,1013,-1,4,274,6,Pilsach
2021-01-06 08:00:00,0,-2,1.4,2.1,1,42,12:53 AM,01:07 PM,09:09 AM,05:32 PM,-1,-3,-1,-3,10,99,97,0.1,1013,-1,4,313,7,Pilsach
2021-01-06 09:00:00,0,-2,1.4,2.1,1,42,12:53 AM,01:07 PM,09:09 AM,05:32 PM,-1,-3,-1,-3,10,100,97,0.2,1013,-1,3,352,7,Pilsach
2021-01-06 10:00:00,0,-2,1.4,2.1,1,42,12:53 AM,01:07 PM,09:09 AM,05:32 PM,-1,-3,-0,-3,10,100,96,0.1,1013,-0,3,345,8,Pilsach
2021-01-06 11:00:00,0,-2,1.4,2.1,1,42,12:53 AM,01:07 PM,09:09 AM,05:32 PM,-1,-3,0,-3,10,100,94,0.2,1013,0,2,339,8,Pilsach
2021-01-06 12:00:00,0,-2,1.4,2.1,1,42,12:53 AM,01:07 PM,09:09 AM,05:32 PM,-1,-2,0,-2,10,100,92,0.3,1013,0,2,332,8,Pilsach
2021-01-06 13:00:00,0,-2,1.4,2.1,1,42,12:53 AM,01:07 PM,09:09 AM,05:32 PM,-1,-2,0,-2,11,100,92,0.2,1013,0,4,322,8,Pilsach
2021-01-06 14:00:00,0,-2,1.4,2.1,1,42,12:53 AM,01:07 PM,09:09 AM,05:32 PM,-1,-3,0,-3,11,100,91,0.1,1013,0,6,312,8,Pilsach
2021-01-06 15:00:00,0,-2,1.4,2.1,1,42,12:53 AM,01:07 PM,09:09 AM,05:32 PM,-1,-3,0,-3,11,100,91,0.1,1013,0,7,302,8,Pilsach
2021-01-06 16:00:00,0,-2,1.4,2.1,1,42,12:53 AM,01:07 PM,09:09 AM,05:32 PM,-1,-3,-0,-3,12,100,93,0.1,1013,-0,6,295,9,Pilsach
2021-01-06 17:00:00,0,-2,1.4,2.1,1,42,12:53 AM,01:07 PM,09:09 AM,05:32 PM,-1,-4,-1,-4,13,100,94,0.0,1014,-1,5,289,9,Pilsach
2021-01-06 18:00:00,0,-2,1.4,2.1,1,42,12:53 AM,01:07 PM,09:09 AM,05:32 PM,-2,-4,-1,-4,14,100,96,0.0,1014,-1,3,282,9,Pilsach
2021-01-06 19:00:00,0,-2,1.4,2.1,1,42,12:53 AM,01:07 PM,09:09 AM,05:32 PM,-2,-5,-1,-5,15,100,96,0.0,1014,-1,3,280,10,Pilsach
2021-01-06 20:00:00,0,-2,1.4,2.1,1,42,12:53 AM,01:07 PM,09:09 AM,05:32 PM,-2,-5,-1,-5,16,100,97,0.0,1015,-1,3,277,11,Pilsach
2021-01-06 21:00:00,0,-2,1.4,2.1,1,42,12:53 AM,01:07 PM,09:09 AM,05:32 PM,-2,-6,-2,-6,17,100,98,0.0,1015,-2,3,274,11,Pilsach
2021-01-06 22:00:00,0,-2,1.4,2.1,1,42,12:53 AM,01:07 PM,09:09 AM,05:32 PM,-2,-6,-2,-6,17,100,98,0.0,1015,-2,2,271,11,Pilsach
2021-01-06 23:00:00,0,-2,1.4,2.1,1,42,12:53 AM,01:07 PM,09:09 AM,05:32 PM,-2,-6,-2,-6,17,100,98,0.1,1015,-2,2,269,11,Pilsach
2021-01-07 00:00:00,-1,-3,2.2,2.1,1,35,02:12 AM,01:28 PM,09:08 AM,05:33 PM,-2,-6,-2,-6,17,100,98,0.1,1015,-2,1,266,11,Pilsach
2021-01-07 01:00:00,-1,-3,2.2,2.1,1,35,02:12 AM,01:28 PM,09:08 AM,05:33 PM,-2,-6,-2,-6,17,100,98,0.0,1015,-2,1,266,11,Pilsach
2021-01-07 02:00:00,-1,-3,2.2,2.1,1,35,02:12 AM,01:28 PM,09:08 AM,05:33 PM,-2,-6,-2,-6,17,100,98,0.1,1015,-2,1,266,11,Pilsach
2021-01-07 03:00:00,-1,-3,2.2,2.1,1,35,02:12 AM,01:28 PM,09:08 AM,05:33 PM,-2,-6,-2,-6,17,100,98,0.2,1015,-2,1,266,12,Pilsach
2021-01-07 04:00:00,-1,-3,2.2,2.1,1,35,02:12 AM,01:28 PM,09:08 AM,05:33 PM,-3,-6,-2,-6,17,100,98,0.1,1015,-2,2,264,11,Pilsach
2021-01-07 05:00:00,-1,-3,2.2,2.1,1,35,02:12 AM,01:28 PM,09:08 AM,05:33 PM,-3,-6,-2,-6,17,100,98,0.2,1015,-2,2,262,11,Pilsach
2021-01-07 06:00:00,-1,-3,2.2,2.1,1,35,02:12 AM,01:28 PM,09:08 AM,05:33 PM,-3,-7,-3,-7,16,100,98,0.3,1016,-3,2,260,10,Pilsach
2021-01-07 07:00:00,-1,-3,2.2,2.1,1,35,02:12 AM,01:28 PM,09:08 AM,05:33 PM,-3,-6,-2,-6,16,100,97,0.2,1016,-2,2,257,11,Pilsach
2021-01-07 08:00:00,-1,-3,2.2,2.1,1,35,02:12 AM,01:28 PM,09:08 AM,05:33 PM,-3,-6,-2,-6,15,100,96,0.2,1016,-2,2,253,11,Pilsach
2021-01-07 09:00:00,-1,-3,2.2,2.1,1,35,02:12 AM,01:28 PM,09:08 AM,05:33 PM,-3,-6,-2,-6,15,100,96,0.2,1016,-2,2,250,11,Pilsach
2021-01-07 10:00:00,-1,-3,2.2,2.1,1,35,02:12 AM,01:28 PM,09:08 AM,05:33 PM,-3,-6,-2,-6,15,100,94,0.1,1016,-2,2,252,11,Pilsach
2021-01-07 11:00:00,-1,-3,2.2,2.1,1,35,02:12 AM,01:28 PM,09:08 AM,05:33 PM,-3,-6,-2,-6,15,100,93,0.1,1016,-2,2,254,12,Pilsach
2021-01-07 12:00:00,-1,-3,2.2,2.1,1,35,02:12 AM,01:28 PM,09:08 AM,05:33 PM,-2,-5,-1,-5,15,100,92,0.2,1015,-1,2,256,12,Pilsach
2021-01-07 13:00:00,-1,-3,2.2,2.1,1,35,02:12 AM,01:28 PM,09:08 AM,05:33 PM,-2,-5,-1,-5,15,100,91,0.1,1015,-1,3,258,12,Pilsach
2021-01-07 14:00:00,-1,-3,2.2,2.1,1,35,02:12 AM,01:28 PM,09:08 AM,05:33 PM,-3,-5,-1,-5,15,100,90,0.1,1015,-1,4,259,11,Pilsach
2021-01-07 15:00:00,-1,-3,2.2,2.1,1,35,02:12 AM,01:28 PM,09:08 AM,05:33 PM,-3,-5,-1,-5,15,100,90,0.1,1015,-1,5,261,11,Pilsach
2021-01-07 16:00:00,-1,-3,2.2,2.1,1,35,02:12 AM,01:28 PM,09:08 AM,05:33 PM,-3,-5,-1,-5,14,100,90,0.1,1015,-1,6,257,10,Pilsach
2021-01-07 17:00:00,-1,-3,2.2,2.1,1,35,02:12 AM,01:28 PM,09:08 AM,05:33 PM,-3,-5,-2,-5,14,100,91,0.1,1015,-2,6,253,10,Pilsach
2021-01-07 18:00:00,-1,-3,2.2,2.1,1,35,02:12 AM,01:28 PM,09:08 AM,05:33 PM,-3,-5,-2,-5,13,100,92,0.1,1015,-2,7,250,9,Pilsach
2021-01-07 19:00:00,-1,-3,2.2,2.1,1,35,02:12 AM,01:28 PM,09:08 AM,05:33 PM,-3,-6,-2,-6,14,99,92,0.1,1015,-2,8,248,9,Pilsach
2021-01-07 20:00:00,-1,-3,2.2,2.1,1,35,02:12 AM,01:28 PM,09:08 AM,05:33 PM,-4,-6,-3,-6,14,99,93,0.1,1015,-3,8,247,9,Pilsach
2021-01-07 21:00:00,-1,-3,2.2,2.1,1,35,02:12 AM,01:28 PM,09:08 AM,05:33 PM,-4,-7,-3,-7,14,98,94,0.1,1015,-3,9,245,9,Pilsach
2021-01-07 22:00:00,-1,-3,2.2,2.1,1,35,02:12 AM,01:28 PM,09:08 AM,05:33 PM,-4,-8,-4,-8,16,91,95,0.0,1016,-4,9,240,9,Pilsach
2021-01-07 23:00:00,-1,-3,2.2,2.1,1,35,02:12 AM,01:28 PM,09:08 AM,05:33 PM,-5,-8,-4,-8,17,83,96,0.0,1016,-4,10,235,9,Pilsach
2021-01-08 00:00:00,-1,-5,1.7,2.1,1,28,03:33 AM,01:51 PM,09:08 AM,05:34 PM,-6,-9,-5,-9,18,76,97,0.0,1016,-5,10,230,9,Pilsach
2021-01-08 01:00:00,-1,-5,1.7,2.1,1,28,03:33 AM,01:51 PM,09:08 AM,05:34 PM,-5,-9,-5,-9,19,82,97,0.0,1016,-5,9,228,10,Pilsach
2021-01-08 02:00:00,-1,-5,1.7,2.1,1,28,03:33 AM,01:51 PM,09:08 AM,05:34 PM,-5,-9,-5,-9,19,88,97,0.1,1016,-5,8,226,11,Pilsach
2021-01-08 03:00:00,-1,-5,1.7,2.1,1,28,03:33 AM,01:51 PM,09:08 AM,05:34 PM,-5,-9,-5,-9,19,94,96,0.1,1016,-5,7,224,12,Pilsach
2021-01-08 04:00:00,-1,-5,1.7,2.1,1,28,03:33 AM,01:51 PM,09:08 AM,05:34 PM,-5,-9,-4,-9,20,96,96,0.0,1016,-4,5,227,12,Pilsach
2021-01-08 05:00:00,-1,-5,1.7,2.1,1,28,03:33 AM,01:51 PM,09:08 AM,05:34 PM,-4,-9,-4,-9,20,98,96,0.2,1016,-4,4,230,13,Pilsach
2021-01-08 06:00:00,-1,-5,1.7,2.1,1,28,03:33 AM,01:51 PM,09:08 AM,05:34 PM,-4,-8,-3,-8,20,100,96,0.2,1016,-3,3,233,14,Pilsach
2021-01-08 07:00:00,-1,-5,1.7,2.1,1,28,03:33 AM,01:51 PM,09:08 AM,05:34 PM,-4,-8,-3,-8,20,100,96,0.1,1016,-3,3,236,14,Pilsach
2021-01-08 08:00:00,-1,-5,1.7,2.1,1,28,03:33 AM,01:51 PM,09:08 AM,05:34 PM,-3,-8,-3,-8,20,100,96,0.3,1016,-3,2,239,15,Pilsach
2021-01-08 09:00:00,-1,-5,1.7,2.1,1,28,03:33 AM,01:51 PM,09:08 AM,05:34 PM,-3,-7,-2,-7,21,100,96,0.4,1017,-2,2,242,15,Pilsach
2021-01-08 10:00:00,-1,-5,1.7,2.1,1,28,03:33 AM,01:51 PM,09:08 AM,05:34 PM,-3,-7,-2,-7,20,100,96,0.2,1017,-2,4,245,15,Pilsach
2021-01-08 11:00:00,-1,-5,1.7,2.1,1,28,03:33 AM,01:51 PM,09:08 AM,05:34 PM,-2,-7,-2,-7,20,100,95,0.1,1017,-2,6,248,15,Pilsach
2021-01-08 12:00:00,-1,-5,1.7,2.1,1,28,03:33 AM,01:51 PM,09:08 AM,05:34 PM,-2,-6,-1,-6,20,100,95,0.1,1017,-1,7,251,15,Pilsach
2021-01-08 13:00:00,-1,-5,1.7,2.1,1,28,03:33 AM,01:51 PM,09:08 AM,05:34 PM,-2,-6,-1,-6,19,100,95,0.1,1017,-1,6,254,15,Pilsach
2021-01-08 14:00:00,-1,-5,1.7,2.1,1,28,03:33 AM,01:51 PM,09:08 AM,05:34 PM,-2,-6,-1,-6,19,100,94,0.1,1017,-1,6,257,14,Pilsach
2021-01-08 15:00:00,-1,-5,1.7,2.1,1,28,03:33 AM,01:51 PM,09:08 AM,05:34 PM,-2,-6,-1,-6,18,100,94,0.1,1017,-1,5,260,14,Pilsach
2021-01-08 16:00:00,-1,-5,1.7,2.1,1,28,03:33 AM,01:51 PM,09:08 AM,05:34 PM,-2,-6,-1,-6,18,100,94,0.1,1017,-1,4,259,13,Pilsach
2021-01-08 17:00:00,-1,-5,1.7,2.1,1,28,03:33 AM,01:51 PM,09:08 AM,05:34 PM,-2,-6,-2,-6,17,100,94,0.0,1018,-2,3,259,12,Pilsach
2021-01-08 18:00:00,-1,-5,1.7,2.1,1,28,03:33 AM,01:51 PM,09:08 AM,05:34 PM,-3,-6,-2,-6,17,100,94,0.0,1018,-2,2,258,11,Pilsach
2021-01-08 19:00:00,-1,-5,1.7,2.1,1,28,03:33 AM,01:51 PM,09:08 AM,05:34 PM,-3,-6,-2,-6,16,100,95,0.0,1019,-2,2,253,10,Pilsach
2021-01-08 20:00:00,-1,-5,1.7,2.1,1,28,03:33 AM,01:51 PM,09:08 AM,05:34 PM,-3,-6,-3,-6,16,100,96,0.1,1019,-3,2,248,10,Pilsach
2021-01-08 21:00:00,-1,-5,1.7,2.1,1,28,03:33 AM,01:51 PM,09:08 AM,05:34 PM,-4,-7,-3,-7,15,100,97,0.1,1020,-3,2,244,9,Pilsach
2021-01-08 22:00:00,-1,-5,1.7,2.1,1,28,03:33 AM,01:51 PM,09:08 AM,05:34 PM,-4,-7,-3,-7,16,100,97,0.0,1020,-3,2,250,9,Pilsach
2021-01-08 23:00:00,-1,-5,1.7,2.1,1,28,03:33 AM,01:51 PM,09:08 AM,05:34 PM,-4,-7,-3,-7,16,100,98,0.3,1020,-3,2,257,10,Pilsach
2021-01-09 00:00:00,-2,-4,1.5,2.1,1,20,04:55 AM,02:19 PM,09:08 AM,05:36 PM,-4,-7,-3,-7,17,100,98,0.4,1020,-3,2,263,10,Pilsach
2021-01-09 01:00:00,-2,-4,1.5,2.1,1,20,04:55 AM,02:19 PM,09:08 AM,05:36 PM,-3,-7,-3,-7,16,100,98,0.2,1021,-3,3,264,10,Pilsach
2021-01-09 02:00:00,-2,-4,1.5,2.1,1,20,04:55 AM,02:19 PM,09:08 AM,05:36 PM,-3,-7,-3,-7,15,100,98,0.1,1021,-3,3,265,9,Pilsach
2021-01-09 03:00:00,-2,-4,1.5,2.1,1,20,04:55 AM,02:19 PM,09:08 AM,05:36 PM,-3,-6,-3,-6,14,100,98,0.2,1021,-3,4,267,9,Pilsach
2021-01-09 04:00:00,-2,-4,1.5,2.1,1,20,04:55 AM,02:19 PM,09:08 AM,05:36 PM,-3,-6,-3,-6,13,100,98,0.1,1021,-3,4,271,8,Pilsach
2021-01-09 05:00:00,-2,-4,1.5,2.1,1,20,04:55 AM,02:19 PM,09:08 AM,05:36 PM,-3,-6,-3,-6,12,100,98,0.1,1021,-3,3,275,8,Pilsach
2021-01-09 06:00:00,-2,-4,1.5,2.1,1,20,04:55 AM,02:19 PM,09:08 AM,05:36 PM,-3,-6,-3,-6,11,100,98,0.1,1022,-3,3,280,7,Pilsach
2021-01-09 07:00:00,-2,-4,1.5,2.1,1,20,04:55 AM,02:19 PM,09:08 AM,05:36 PM,-3,-6,-3,-6,10,100,98,0.1,1022,-3,3,291,6,Pilsach
2021-01-09 08:00:00,-2,-4,1.5,2.1,1,20,04:55 AM,02:19 PM,09:08 AM,05:36 PM,-3,-5,-3,-5,8,100,97,0.0,1023,-3,2,302,6,Pilsach
2021-01-09 09:00:00,-2,-4,1.5,2.1,1,20,04:55 AM,02:19 PM,09:08 AM,05:36 PM,-4,-5,-3,-5,7,100,97,0.0,1023,-3,2,313,5,Pilsach
2021-01-09 10:00:00,-2,-4,1.5,2.1,1,20,04:55 AM,02:19 PM,09:08 AM,05:36 PM,-3,-5,-3,-5,6,100,96,0.0,1023,-3,4,251,5,Pilsach
2021-01-09 11:00:00,-2,-4,1.5,2.1,1,20,04:55 AM,02:19 PM,09:08 AM,05:36 PM,-3,-4,-3,-4,6,100,95,0.0,1023,-3,6,188,5,Pilsach
2021-01-09 12:00:00,-2,-4,1.5,2.1,1,20,04:55 AM,02:19 PM,09:08 AM,05:36 PM,-3,-4,-2,-4,5,100,95,0.0,1023,-2,7,125,5,Pilsach
2021-01-09 13:00:00,-2,-4,1.5,2.1,1,20,04:55 AM,02:19 PM,09:08 AM,05:36 PM,-3,-4,-2,-4,6,100,94,0.0,1023,-2,8,95,5,Pilsach
2021-01-09 14:00:00,-2,-4,1.5,2.1,1,20,04:55 AM,02:19 PM,09:08 AM,05:36 PM,-3,-4,-2,-4,6,100,93,0.0,1023,-2,9,65,5,Pilsach
2021-01-09 15:00:00,-2,-4,1.5,2.1,1,20,04:55 AM,02:19 PM,09:08 AM,05:36 PM,-3,-4,-2,-4,7,100,91,0.0,1023,-2,10,35,5,Pilsach
2021-01-09 16:00:00,-2,-4,1.5,2.1,1,20,04:55 AM,02:19 PM,09:08 AM,05:36 PM,-3,-4,-2,-4,8,97,91,0.0,1023,-2,10,40,6,Pilsach
2021-01-09 17:00:00,-2,-4,1.5,2.1,1,20,04:55 AM,02:19 PM,09:08 AM,05:36 PM,-4,-5,-2,-5,9,94,90,0.0,1024,-2,10,45,6,Pilsach
2021-01-09 18:00:00,-2,-4,1.5,2.1,1,20,04:55 AM,02:19 PM,09:08 AM,05:36 PM,-4,-5,-3,-5,10,90,90,0.0,1024,-3,10,50,7,Pilsach
2021-01-09 19:00:00,-2,-4,1.5,2.1,1,20,04:55 AM,02:19 PM,09:08 AM,05:36 PM,-5,-6,-3,-6,11,78,90,0.0,1025,-3,10,50,7,Pilsach
2021-01-09 20:00:00,-2,-4,1.5,2.1,1,20,04:55 AM,02:19 PM,09:08 AM,05:36 PM,-5,-7,-4,-7,12,65,91,0.0,1025,-4,10,49,7,Pilsach
2021-01-09 21:00:00,-2,-4,1.5,2.1,1,20,04:55 AM,02:19 PM,09:08 AM,05:36 PM,-6,-7,-4,-7,13,53,91,0.0,1025,-4,10,48,7,Pilsach
2021-01-09 22:00:00,-2,-4,1.5,2.1,1,20,04:55 AM,02:19 PM,09:08 AM,05:36 PM,-5,-7,-4,-7,12,58,92,0.0,1025,-4,10,42,7,Pilsach
2021-01-09 23:00:00,-2,-4,1.5,2.1,1,20,04:55 AM,02:19 PM,09:08 AM,05:36 PM,-5,-7,-4,-7,12,64,92,0.0,1025,-4,10,36,7,Pilsach
2021-01-10 00:00:00,-3,-8,0.0,5.8,1,13,06:16 AM,02:55 PM,09:07 AM,05:37 PM,-5,-6,-4,-6,11,70,93,0.0,1026,-4,10,30,7,Pilsach
2021-01-10 01:00:00,-3,-8,0.0,5.8,1,13,06:16 AM,02:55 PM,09:07 AM,05:37 PM,-5,-7,-4,-7,12,60,93,0.0,1025,-4,8,33,7,Pilsach
2021-01-10 02:00:00,-3,-8,0.0,5.8,1,13,06:16 AM,02:55 PM,09:07 AM,05:37 PM,-6,-9,-5,-9,13,51,94,0.0,1025,-5,6,37,7,Pilsach
2021-01-10 03:00:00,-3,-8,0.0,5.8,1,13,06:16 AM,02:55 PM,09:07 AM,05:37 PM,-7,-10,-6,-10,14,41,94,0.0,1025,-6,5,40,7,Pilsach
2021-01-10 04:00:00,-3,-8,0.0,5.8,1,13,06:16 AM,02:55 PM,09:07 AM,05:37 PM,-7,-10,-7,-10,14,37,95,0.0,1026,-7,4,46,7,Pilsach
2021-01-10 05:00:00,-3,-8,0.0,5.8,1,13,06:16 AM,02:55 PM,09:07 AM,05:37 PM,-8,-11,-7,-11,14,32,95,0.0,1026,-7,3,53,7,Pilsach
2021-01-10 06:00:00,-3,-8,0.0,5.8,1,13,06:16 AM,02:55 PM,09:07 AM,05:37 PM,-8,-11,-8,-11,14,28,95,0.0,1026,-8,2,59,7,Pilsach
2021-01-10 07:00:00,-3,-8,0.0,5.8,1,13,06:16 AM,02:55 PM,09:07 AM,05:37 PM,-8,-10,-7,-10,13,30,95,0.0,1026,-7,4,62,7,Pilsach
2021-01-10 08:00:00,-3,-8,0.0,5.8,1,13,06:16 AM,02:55 PM,09:07 AM,05:37 PM,-7,-10,-6,-10,13,32,94,0.0,1026,-6,6,65,7,Pilsach
2021-01-10 09:00:00,-3,-8,0.0,5.8,1,13,06:16 AM,02:55 PM,09:07 AM,05:37 PM,-7,-9,-6,-9,12,34,93,0.0,1026,-6,7,68,7,Pilsach
2021-01-10 10:00:00,-3,-8,0.0,5.8,1,13,06:16 AM,02:55 PM,09:07 AM,05:37 PM,-6,-8,-5,-8,11,36,91,0.0,1026,-5,8,69,7,Pilsach
2021-01-10 11:00:00,-3,-8,0.0,5.8,1,13,06:16 AM,02:55 PM,09:07 AM,05:37 PM,-5,-7,-4,-7,10,39,89,0.0,1025,-4,9,69,8,Pilsach
2021-01-10 12:00:00,-3,-8,0.0,5.8,1,13,06:16 AM,02:55 PM,09:07 AM,05:37 PM,-5,-6,-3,-6,10,41,87,0.0,1025,-3,10,70,8,Pilsach
2021-01-10 13:00:00,-3,-8,0.0,5.8,1,13,06:16 AM,02:55 PM,09:07 AM,05:37 PM,-4,-6,-3,-6,10,40,88,0.0,1025,-3,10,65,8,Pilsach
2021-01-10 14:00:00,-3,-8,0.0,5.8,1,13,06:16 AM,02:55 PM,09:07 AM,05:37 PM,-4,-6,-3,-6,10,39,89,0.0,1025,-3,10,61,7,Pilsach
2021-01-10 15:00:00,-3,-8,0.0,5.8,1,13,06:16 AM,02:55 PM,09:07 AM,05:37 PM,-4,-6,-3,-6,10,38,90,0.0,1024,-3,10,56,7,Pilsach
2021-01-10 16:00:00,-3,-8,0.0,5.8,1,13,06:16 AM,02:55 PM,09:07 AM,05:37 PM,-5,-7,-4,-7,12,37,91,0.0,1025,-4,8,58,7,Pilsach
2021-01-10 17:00:00,-3,-8,0.0,5.8,1,13,06:16 AM,02:55 PM,09:07 AM,05:37 PM,-6,-8,-5,-8,14,36,93,0.0,1025,-5,6,60,8,Pilsach
2021-01-10 18:00:00,-3,-8,0.0,5.8,1,13,06:16 AM,02:55 PM,09:07 AM,05:37 PM,-7,-10,-6,-10,16,35,95,0.0,1025,-6,5,62,8,Pilsach
2021-01-10 19:00:00,-3,-8,0.0,5.8,1,13,06:16 AM,02:55 PM,09:07 AM,05:37 PM,-7,-10,-7,-10,15,32,95,0.0,1025,-7,4,62,7,Pilsach
2021-01-10 20:00:00,-3,-8,0.0,5.8,1,13,06:16 AM,02:55 PM,09:07 AM,05:37 PM,-8,-11,-7,-11,14,30,95,0.0,1025,-7,3,61,7,Pilsach
2021-01-10 21:00:00,-3,-8,0.0,5.8,1,13,06:16 AM,02:55 PM,09:07 AM,05:37 PM,-9,-11,-8,-11,13,28,96,0.0,1026,-8,2,61,6,Pilsach
2021-01-10 22:00:00,-3,-8,0.0,5.8,1,13,06:16 AM,02:55 PM,09:07 AM,05:37 PM,-9,-10,-8,-10,11,23,95,0.0,1026,-8,3,79,5,Pilsach
2021-01-10 23:00:00,-3,-8,0.0,5.8,1,13,06:16 AM,02:55 PM,09:07 AM,05:37 PM,-8,-9,-8,-9,9,18,95,0.0,1026,-8,4,97,4,Pilsach
2021-01-11 00:00:00,-3,-9,0.0,3.9,2,6,07:35 AM,03:41 PM,09:07 AM,05:38 PM,-8,-8,-8,-8,6,13,94,0.0,1026,-8,5,116,3,Pilsach
2021-01-11 01:00:00,-3,-9,0.0,3.9,2,6,07:35 AM,03:41 PM,09:07 AM,05:38 PM,-9,-8,-8,-8,6,15,94,0.0,1026,-8,4,119,3,Pilsach
2021-01-11 02:00:00,-3,-9,0.0,3.9,2,6,07:35 AM,03:41 PM,09:07 AM,05:38 PM,-9,-8,-8,-8,5,17,94,0.0,1026,-8,3,123,2,Pilsach
2021-01-11 03:00:00,-3,-9,0.0,3.9,2,6,07:35 AM,03:41 PM,09:07 AM,05:38 PM,-9,-8,-8,-8,5,18,95,0.0,1025,-8,2,126,2,Pilsach
2021-01-11 04:00:00,-3,-9,0.0,3.9,2,6,07:35 AM,03:41 PM,09:07 AM,05:38 PM,-9,-9,-8,-9,5,20,95,0.0,1025,-8,2,135,2,Pilsach
2021-01-11 05:00:00,-3,-9,0.0,3.9,2,6,07:35 AM,03:41 PM,09:07 AM,05:38 PM,-9,-9,-8,-9,5,22,95,0.0,1025,-8,2,143,3,Pilsach
2021-01-11 06:00:00,-3,-9,0.0,3.9,2,6,07:35 AM,03:41 PM,09:07 AM,05:38 PM,-9,-9,-9,-9,6,24,95,0.0,1026,-9,2,151,3,Pilsach
2021-01-11 07:00:00,-3,-9,0.0,3.9,2,6,07:35 AM,03:41 PM,09:07 AM,05:38 PM,-9,-9,-8,-9,6,24,94,0.0,1026,-8,4,156,3,Pilsach
2021-01-11 08:00:00,-3,-9,0.0,3.9,2,6,07:35 AM,03:41 PM,09:07 AM,05:38 PM,-8,-8,-7,-8,5,24,93,0.0,1026,-7,6,162,3,Pilsach
2021-01-11 09:00:00,-3,-9,0.0,3.9,2,6,07:35 AM,03:41 PM,09:07 AM,05:38 PM,-8,-7,-6,-7,5,24,92,0.0,1026,-6,7,168,3,Pilsach
2021-01-11 10:00:00,-3,-9,0.0,3.9,2,6,07:35 AM,03:41 PM,09:07 AM,05:38 PM,-7,-6,-5,-6,5,27,89,0.0,1025,-5,8,181,3,Pilsach
2021-01-11 11:00:00,-3,-9,0.0,3.9,2,6,07:35 AM,03:41 PM,09:07 AM,05:38 PM,-6,-5,-4,-5,5,30,87,0.0,1025,-4,9,195,4,Pilsach
2021-01-11 12:00:00,-3,-9,0.0,3.9,2,6,07:35 AM,03:41 PM,09:07 AM,05:38 PM,-5,-4,-3,-4,5,32,84,0.0,1025,-3,10,209,4,Pilsach
2021-01-11 13:00:00,-3,-9,0.0,3.9,2,6,07:35 AM,03:41 PM,09:07 AM,05:38 PM,-5,-4,-3,-4,6,48,85,0.0,1024,-3,10,211,4,Pilsach
2021-01-11 14:00:00,-3,-9,0.0,3.9,2,6,07:35 AM,03:41 PM,09:07 AM,05:38 PM,-5,-5,-3,-5,7,63,86,0.0,1024,-3,10,213,5,Pilsach
2021-01-11 15:00:00,-3,-9,0.0,3.9,2,6,07:35 AM,03:41 PM,09:07 AM,05:38 PM,-5,-5,-3,-5,8,79,88,0.0,1023,-3,10,215,5,Pilsach
2021-01-11 16:00:00,-3,-9,0.0,3.9,2,6,07:35 AM,03:41 PM,09:07 AM,05:38 PM,-5,-6,-4,-6,9,67,90,0.0,1023,-4,8,212,5,Pilsach
2021-01-11 17:00:00,-3,-9,0.0,3.9,2,6,07:35 AM,03:41 PM,09:07 AM,05:38 PM,-6,-8,-5,-8,10,56,92,0.0,1023,-5,6,208,6,Pilsach
2021-01-11 18:00:00,-3,-9,0.0,3.9,2,6,07:35 AM,03:41 PM,09:07 AM,05:38 PM,-7,-9,-6,-9,12,44,94,0.0,1023,-6,5,205,6,Pilsach
2021-01-11 19:00:00,-3,-9,0.0,3.9,2,6,07:35 AM,03:41 PM,09:07 AM,05:38 PM,-7,-10,-7,-10,13,43,94,0.0,1023,-7,6,202,6,Pilsach
2021-01-11 20:00:00,-3,-9,0.0,3.9,2,6,07:35 AM,03:41 PM,09:07 AM,05:38 PM,-8,-11,-7,-11,15,42,94,0.0,1023,-7,6,199,7,Pilsach
2021-01-11 21:00:00,-3,-9,0.0,3.9,2,6,07:35 AM,03:41 PM,09:07 AM,05:38 PM,-9,-12,-8,-12,17,41,94,0.0,1023,-8,7,196,8,Pilsach
2021-01-11 22:00:00,-3,-9,0.0,3.9,2,6,07:35 AM,03:41 PM,09:07 AM,05:38 PM,-8,-11,-7,-11,18,61,93,0.0,1022,-8,8,200,9,Pilsach
2021-01-11 23:00:00,-3,-9,0.0,3.9,2,6,07:35 AM,03:41 PM,09:07 AM,05:38 PM,-8,-11,-7,-11,19,80,91,0.0,1021,-8,9,204,10,Pilsach
2021-01-12 00:00:00,2,-8,7.8,2.1,1,0,08:42 AM,04:39 PM,09:06 AM,05:40 PM,-7,-11,-7,-11,20,100,90,0.0,1020,-8,10,208,11,Pilsach
2021-01-12 01:00:00,2,-8,7.8,2.1,1,0,08:42 AM,04:39 PM,09:06 AM,05:40 PM,-7,-10,-6,-10,22,100,89,0.0,1019,-6,10,212,12,Pilsach
2021-01-12 02:00:00,2,-8,7.8,2.1,1,0,08:42 AM,04:39 PM,09:06 AM,05:40 PM,-6,-10,-5,-10,24,100,89,0.0,1019,-5,10,216,14,Pilsach
2021-01-12 03:00:00,2,-8,7.8,2.1,1,0,08:42 AM,04:39 PM,09:06 AM,05:40 PM,-6,-9,-4,-9,26,100,88,0.0,1018,-4,10,220,15,Pilsach
2021-01-12 04:00:00,2,-8,7.8,2.1,1,0,08:42 AM,04:39 PM,09:06 AM,05:40 PM,-5,-9,-3,-9,28,100,90,0.0,1017,-3,10,223,18,Pilsach
2021-01-12 05:00:00,2,-8,7.8,2.1,1,0,08:42 AM,04:39 PM,09:06 AM,05:40 PM,-4,-9,-3,-9,30,100,91,0.0,1016,-3,10,225,20,Pilsach
2021-01-12 06:00:00,2,-8,7.8,2.1,1,0,08:42 AM,04:39 PM,09:06 AM,05:40 PM,-3,-9,-2,-9,33,100,93,0.0,1015,-2,10,227,22,Pilsach
2021-01-12 07:00:00,2,-8,7.8,2.1,1,0,08:42 AM,04:39 PM,09:06 AM,05:40 PM,-3,-8,-2,-8,34,100,94,0.0,1015,-2,8,230,23,Pilsach
2021-01-12 08:00:00,2,-8,7.8,2.1,1,0,08:42 AM,04:39 PM,09:06 AM,05:40 PM,-2,-7,-1,-7,35,100,95,0.9,1014,-1,6,233,24,Pilsach
2021-01-12 09:00:00,2,-8,7.8,2.1,1,0,08:42 AM,04:39 PM,09:06 AM,05:40 PM,-1,-7,-1,-7,36,100,97,1.2,1013,-1,5,235,25,Pilsach
2021-01-12 10:00:00,2,-8,7.8,2.1,1,0,08:42 AM,04:39 PM,09:06 AM,05:40 PM,-0,-6,0,-6,38,100,97,0.6,1012,0,3,238,26,Pilsach
2021-01-12 11:00:00,2,-8,7.8,2.1,1,0,08:42 AM,04:39 PM,09:06 AM,05:40 PM,0,-5,1,-5,40,100,98,1.2,1012,1,2,241,27,Pilsach
2021-01-12 12:00:00,2,-8,7.8,2.1,1,0,08:42 AM,04:39 PM,09:06 AM,05:40 PM,1,-5,1,-5,41,100,98,1.6,1011,1,1,244,28,Pilsach
2021-01-12 13:00:00,2,-8,7.8,2.1,1,0,08:42 AM,04:39 PM,09:06 AM,05:40 PM,1,-4,1,-4,40,100,98,0.8,1011,1,1,249,27,Pilsach
2021-01-12 14:00:00,2,-8,7.8,2.1,1,0,08:42 AM,04:39 PM,09:06 AM,05:40 PM,2,-4,2,-4,39,100,99,0.7,1010,2,1,255,25,Pilsach
2021-01-12 15:00:00,2,-8,7.8,2.1,1,0,08:42 AM,04:39 PM,09:06 AM,05:40 PM,2,-3,2,-3,37,100,99,1.0,1010,2,1,260,24,Pilsach
2021-01-12 16:00:00,2,-8,7.8,2.1,1,0,08:42 AM,04:39 PM,09:06 AM,05:40 PM,2,-3,2,-3,35,100,99,0.5,1010,2,2,267,22,Pilsach
2021-01-12 17:00:00,2,-8,7.8,2.1,1,0,08:42 AM,04:39 PM,09:06 AM,05:40 PM,1,-3,2,-3,33,100,99,1.1,1011,2,2,274,21,Pilsach
2021-01-12 18:00:00,2,-8,7.8,2.1,1,0,08:42 AM,04:39 PM,09:06 AM,05:40 PM,1,-3,1,-3,31,100,99,1.5,1011,1,2,281,19,Pilsach
2021-01-12 19:00:00,2,-8,7.8,2.1,1,0,08:42 AM,04:39 PM,09:06 AM,05:40 PM,1,-4,1,-4,30,100,98,0.7,1011,1,2,285,18,Pilsach
2021-01-12 20:00:00,2,-8,7.8,2.1,1,0,08:42 AM,04:39 PM,09:06 AM,05:40 PM,0,-4,1,-4,28,100,97,0.8,1012,1,2,289,17,Pilsach
2021-01-12 21:00:00,2,-8,7.8,2.1,1,0,08:42 AM,04:39 PM,09:06 AM,05:40 PM,-0,-4,0,-4,27,100,96,1.0,1012,0,2,293,17,Pilsach
2021-01-12 22:00:00,2,-8,7.8,2.1,1,0,08:42 AM,04:39 PM,09:06 AM,05:40 PM,-1,-5,-1,-5,25,97,96,0.5,1013,-1,3,286,15,Pilsach
2021-01-12 23:00:00,2,-8,7.8,2.1,1,0,08:42 AM,04:39 PM,09:06 AM,05:40 PM,-3,-7,-2,-7,23,95,96,0.0,1014,-2,3,279,13,Pilsach
2021-01-13 00:00:00,-1,-5,0.3,2.1,1,0,09:38 AM,05:48 PM,09:05 AM,05:41 PM,-4,-8,-3,-8,22,92,96,0.0,1015,-3,4,272,12,Pilsach
2021-01-13 01:00:00,-1,-5,0.3,2.1,1,0,09:38 AM,05:48 PM,09:05 AM,05:41 PM,-4,-8,-3,-8,22,95,96,0.0,1016,-3,4,272,12,Pilsach
2021-01-13 02:00:00,-1,-5,0.3,2.1,1,0,09:38 AM,05:48 PM,09:05 AM,05:41 PM,-4,-8,-3,-8,22,97,96,0.0,1016,-3,5,272,13,Pilsach
2021-01-13 03:00:00,-1,-5,0.3,2.1,1,0,09:38 AM,05:48 PM,09:05 AM,05:41 PM,-3,-8,-3,-8,23,100,96,0.0,1017,-3,5,273,14,Pilsach
2021-01-13 04:00:00,-1,-5,0.3,2.1,1,0,09:38 AM,05:48 PM,09:05 AM,05:41 PM,-3,-8,-3,-8,23,99,96,0.0,1017,-3,7,271,15,Pilsach
2021-01-13 05:00:00,-1,-5,0.3,2.1,1,0,09:38 AM,05:48 PM,09:05 AM,05:41 PM,-3,-8,-3,-8,24,99,96,0.0,1017,-3,8,269,15,Pilsach
2021-01-13 06:00:00,-1,-5,0.3,2.1,1,0,09:38 AM,05:48 PM,09:05 AM,05:41 PM,-4,-8,-3,-8,24,98,96,0.0,1017,-3,9,268,16,Pilsach
2021-01-13 07:00:00,-1,-5,0.3,2.1,1,0,09:38 AM,05:48 PM,09:05 AM,05:41 PM,-3,-8,-3,-8,25,98,95,0.0,1017,-3,8,266,17,Pilsach
2021-01-13 08:00:00,-1,-5,0.3,2.1,1,0,09:38 AM,05:48 PM,09:05 AM,05:41 PM,-3,-8,-3,-8,26,99,95,0.1,1017,-3,6,264,18,Pilsach
2021-01-13 09:00:00,-1,-5,0.3,2.1,1,0,09:38 AM,05:48 PM,09:05 AM,05:41 PM,-3,-8,-3,-8,26,99,95,0.1,1017,-3,5,262,18,Pilsach
2021-01-13 10:00:00,-1,-5,0.3,2.1,1,0,09:38 AM,05:48 PM,09:05 AM,05:41 PM,-3,-8,-2,-8,27,99,94,0.0,1017,-2,6,263,20,Pilsach
2021-01-13 11:00:00,-1,-5,0.3,2.1,1,0,09:38 AM,05:48 PM,09:05 AM,05:41 PM,-2,-7,-2,-7,28,100,94,0.0,1017,-2,6,264,21,Pilsach
2021-01-13 12:00:00,-1,-5,0.3,2.1,1,0,09:38 AM,05:48 PM,09:05 AM,05:41 PM,-2,-7,-1,-7,29,100,94,0.0,1017,-1,7,265,22,Pilsach
2021-01-13 13:00:00,-1,-5,0.3,2.1,1,0,09:38 AM,05:48 PM,09:05 AM,05:41 PM,-2,-7,-1,-7,30,99,92,0.0,1016,-1,7,265,23,Pilsach
2021-01-13 14:00:00,-1,-5,0.3,2.1,1,0,09:38 AM,05:48 PM,09:05 AM,05:41 PM,-2,-7,-1,-7,31,99,91,0.0,1015,-1,7,266,23,Pilsach
2021-01-13 15:00:00,-1,-5,0.3,2.1,1,0,09:38 AM,05:48 PM,09:05 AM,05:41 PM,-3,-7,-1,-7,33,98,89,0.0,1015,-1,7,266,24,Pilsach
2021-01-13 16:00:00,-1,-5,0.3,2.1,1,0,09:38 AM,05:48 PM,09:05 AM,05:41 PM,-3,-8,-1,-8,34,95,89,0.0,1015,-1,7,268,24,Pilsach
2021-01-13 17:00:00,-1,-5,0.3,2.1,1,0,09:38 AM,05:48 PM,09:05 AM,05:41 PM,-3,-8,-2,-8,35,92,89,0.0,1014,-2,8,269,24,Pilsach
2021-01-13 18:00:00,-1,-5,0.3,2.1,1,0,09:38 AM,05:48 PM,09:05 AM,05:41 PM,-4,-8,-2,-8,37,89,89,0.0,1014,-2,8,270,24,Pilsach
2021-01-13 19:00:00,-1,-5,0.3,2.1,1,0,09:38 AM,05:48 PM,09:05 AM,05:41 PM,-4,-8,-2,-8,37,91,89,0.0,1014,-3,9,274,24,Pilsach
2021-01-13 20:00:00,-1,-5,0.3,2.1,1,0,09:38 AM,05:48 PM,09:05 AM,05:41 PM,-4,-8,-3,-8,38,93,90,0.0,1014,-4,9,279,24,Pilsach
2021-01-13 21:00:00,-1,-5,0.3,2.1,1,0,09:38 AM,05:48 PM,09:05 AM,05:41 PM,-4,-7,-3,-7,39,95,90,0.0,1015,-5,10,283,24,Pilsach
2021-01-13 22:00:00,-1,-5,0.3,2.1,1,0,09:38 AM,05:48 PM,09:05 AM,05:41 PM,-4,-8,-3,-8,38,83,90,0.0,1015,-4,9,288,24,Pilsach
2021-01-13 23:00:00,-1,-5,0.3,2.1,1,0,09:38 AM,05:48 PM,09:05 AM,05:41 PM,-4,-8,-3,-8,37,71,91,0.0,1015,-3,9,293,23,Pilsach
2021-01-14 00:00:00,-2,-6,0.0,2.1,1,1,10:20 AM,07:01 PM,09:05 AM,05:42 PM,-3,-8,-2,-8,37,59,91,0.0,1015,-2,8,297,23,Pilsach
2021-01-14 01:00:00,-2,-6,0.0,2.1,1,1,10:20 AM,07:01 PM,09:05 AM,05:42 PM,-4,-9,-3,-9,35,48,91,0.0,1015,-3,8,300,21,Pilsach
2021-01-14 02:00:00,-2,-6,0.0,2.1,1,1,10:20 AM,07:01 PM,09:05 AM,05:42 PM,-5,-10,-4,-10,33,36,91,0.0,1016,-4,9,302,20,Pilsach
2021-01-14 03:00:00,-2,-6,0.0,2.1,1,1,10:20 AM,07:01 PM,09:05 AM,05:42 PM,-6,-11,-4,-11,31,24,90,0.0,1016,-4,9,304,18,Pilsach
2021-01-14 04:00:00,-2,-6,0.0,2.1,1,1,10:20 AM,07:01 PM,09:05 AM,05:42 PM,-6,-11,-5,-11,30,39,91,0.0,1017,-5,9,304,18,Pilsach
2021-01-14 05:00:00,-2,-6,0.0,2.1,1,1,10:20 AM,07:01 PM,09:05 AM,05:42 PM,-6,-11,-5,-11,29,54,92,0.0,1018,-5,10,303,18,Pilsach
2021-01-14 06:00:00,-2,-6,0.0,2.1,1,1,10:20 AM,07:01 PM,09:05 AM,05:42 PM,-6,-11,-5,-11,27,69,92,0.0,1019,-5,10,302,17,Pilsach
2021-01-14 07:00:00,-2,-6,0.0,2.1,1,1,10:20 AM,07:01 PM,09:05 AM,05:42 PM,-6,-11,-5,-11,26,80,93,0.0,1020,-5,9,301,17,Pilsach
2021-01-14 08:00:00,-2,-6,0.0,2.1,1,1,10:20 AM,07:01 PM,09:05 AM,05:42 PM,-5,-10,-4,-10,25,90,93,0.0,1021,-4,8,300,17,Pilsach
2021-01-14 09:00:00,-2,-6,0.0,2.1,1,1,10:20 AM,07:01 PM,09:05 AM,05:42 PM,-5,-10,-4,-10,23,100,93,0.0,1022,-4,7,299,17,Pilsach
2021-01-14 10:00:00,-2,-6,0.0,2.1,1,1,10:20 AM,07:01 PM,09:05 AM,05:42 PM,-5,-9,-3,-9,21,100,92,0.0,1022,-3,7,299,16,Pilsach
2021-01-14 11:00:00,-2,-6,0.0,2.1,1,1,10:20 AM,07:01 PM,09:05 AM,05:42 PM,-4,-8,-3,-8,19,100,91,0.0,1022,-3,8,299,15,Pilsach
2021-01-14 12:00:00,-2,-6,0.0,2.1,1,1,10:20 AM,07:01 PM,09:05 AM,05:42 PM,-4,-7,-2,-7,16,100,90,0.0,1023,-2,8,299,13,Pilsach
2021-01-14 13:00:00,-2,-6,0.0,2.1,1,1,10:20 AM,07:01 PM,09:05 AM,05:42 PM,-4,-6,-2,-6,14,99,90,0.0,1023,-2,9,302,11,Pilsach
2021-01-14 14:00:00,-2,-6,0.0,2.1,1,1,10:20 AM,07:01 PM,09:05 AM,05:42 PM,-3,-5,-2,-5,11,99,91,0.0,1023,-2,9,306,9,Pilsach
2021-01-14 15:00:00,-2,-6,0.0,2.1,1,1,10:20 AM,07:01 PM,09:05 AM,05:42 PM,-3,-5,-2,-5,9,98,91,0.0,1023,-2,10,309,7,Pilsach
2021-01-14 16:00:00,-2,-6,0.0,2.1,1,1,10:20 AM,07:01 PM,09:05 AM,05:42 PM,-4,-4,-2,-4,8,85,91,0.0,1024,-2,10,277,6,Pilsach
2021-01-14 17:00:00,-2,-6,0.0,2.1,1,1,10:20 AM,07:01 PM,09:05 AM,05:42 PM,-4,-4,-3,-4,6,73,91,0.0,1024,-3,10,246,5,Pilsach
2021-01-14 18:00:00,-2,-6,0.0,2.1,1,1,10:20 AM,07:01 PM,09:05 AM,05:42 PM,-4,-4,-3,-4,5,60,91,0.0,1025,-3,10,214,3,Pilsach
2021-01-14 19:00:00,-2,-6,0.0,2.1,1,1,10:20 AM,07:01 PM,09:05 AM,05:42 PM,-5,-5,-4,-5,5,48,91,0.0,1025,-4,10,183,3,Pilsach
2021-01-14 20:00:00,-2,-6,0.0,2.1,1,1,10:20 AM,07:01 PM,09:05 AM,05:42 PM,-6,-6,-5,-6,6,35,91,0.0,1025,-5,10,151,3,Pilsach
2021-01-14 21:00:00,-2,-6,0.0,2.1,1,1,10:20 AM,07:01 PM,09:05 AM,05:42 PM,-7,-7,-6,-7,6,23,91,0.0,1025,-6,10,120,3,Pilsach
2021-01-14 22:00:00,-2,-6,0.0,2.1,1,1,10:20 AM,07:01 PM,09:05 AM,05:42 PM,-7,-8,-6,-8,8,19,91,0.0,1024,-6,9,102,4,Pilsach
2021-01-14 23:00:00,-2,-6,0.0,2.1,1,1,10:20 AM,07:01 PM,09:05 AM,05:42 PM,-8,-9,-6,-9,9,14,92,0.0,1023,-6,8,85,5,Pilsach
2021-01-15 00:00:00,-3,-8,0.0,4.0,1,8,10:52 AM,08:16 PM,09:04 AM,05:44 PM,-8,-10,-7,-10,11,10,93,0.0,1022,-7,7,67,5,Pilsach
2021-01-15 01:00:00,-3,-8,0.0,4.0,1,8,10:52 AM,08:16 PM,09:04 AM,05:44 PM,-8,-10,-7,-10,11,13,93,0.0,1022,-7,6,66,5,Pilsach
2021-01-15 02:00:00,-3,-8,0.0,4.0,1,8,10:52 AM,08:16 PM,09:04 AM,05:44 PM,-8,-10,-7,-10,11,16,94,0.0,1022,-7,6,65,5,Pilsach
2021-01-15 03:00:00,-3,-8,0.0,4.0,1,8,10:52 AM,08:16 PM,09:04 AM,05:44 PM,-9,-11,-8,-11,11,19,94,0.0,1022,-8,5,63,5,Pilsach
2021-01-15 04:00:00,-3,-8,0.0,4.0,1,8,10:52 AM,08:16 PM,09:04 AM,05:44 PM,-9,-11,-8,-11,12,18,94,0.0,1023,-8,4,60,6,Pilsach
2021-01-15 05:00:00,-3,-8,0.0,4.0,1,8,10:52 AM,08:16 PM,09:04 AM,05:44 PM,-9,-11,-8,-11,12,16,95,0.0,1023,-8,3,56,6,Pilsach
2021-01-15 06:00:00,-3,-8,0.0,4.0,1,8,10:52 AM,08:16 PM,09:04 AM,05:44 PM,-9,-11,-8,-11,12,15,95,0.0,1023,-8,2,52,6,Pilsach
2021-01-15 07:00:00,-3,-8,0.0,4.0,1,8,10:52 AM,08:16 PM,09:04 AM,05:44 PM,-8,-10,-8,-10,11,18,94,0.0,1024,-8,4,47,5,Pilsach
2021-01-15 08:00:00,-3,-8,0.0,4.0,1,8,10:52 AM,08:16 PM,09:04 AM,05:44 PM,-8,-10,-7,-10,9,20,94,0.0,1024,-7,6,42,5,Pilsach
2021-01-15 09:00:00,-3,-8,0.0,4.0,1,8,10:52 AM,08:16 PM,09:04 AM,05:44 PM,-8,-9,-7,-9,8,22,93,0.0,1025,-7,7,38,4,Pilsach
2021-01-15 10:00:00,-3,-8,0.0,4.0,1,8,10:52 AM,08:16 PM,09:04 AM,05:44 PM,-7,-8,-6,-8,7,33,91,0.0,1025,-6,8,31,4,Pilsach
2021-01-15 11:00:00,-3,-8,0.0,4.0,1,8,10:52 AM,08:16 PM,09:04 AM,05:44 PM,-6,-6,-4,-6,6,44,89,0.0,1025,-4,9,25,5,Pilsach
2021-01-15 12:00:00,-3,-8,0.0,4.0,1,8,10:52 AM,08:16 PM,09:04 AM,05:44 PM,-5,-5,-3,-5,6,55,87,0.0,1025,-3,10,18,5,Pilsach
2021-01-15 13:00:00,-3,-8,0.0,4.0,1,8,10:52 AM,08:16 PM,09:04 AM,05:44 PM,-5,-5,-3,-5,6,63,89,0.0,1025,-3,10,89,5,Pilsach
2021-01-15 14:00:00,-3,-8,0.0,4.0,1,8,10:52 AM,08:16 PM,09:04 AM,05:44 PM,-5,-5,-3,-5,7,72,90,0.0,1025,-3,10,160,5,Pilsach
2021-01-15 15:00:00,-3,-8,0.0,4.0,1,8,10:52 AM,08:16 PM,09:04 AM,05:44 PM,-5,-5,-3,-5,8,80,91,0.0,1025,-3,10,230,5,Pilsach
2021-01-15 16:00:00,-3,-8,0.0,4.0,1,8,10:52 AM,08:16 PM,09:04 AM,05:44 PM,-5,-6,-4,-6,8,73,92,0.0,1025,-4,8,193,5,Pilsach
2021-01-15 17:00:00,-3,-8,0.0,4.0,1,8,10:52 AM,08:16 PM,09:04 AM,05:44 PM,-6,-7,-5,-7,8,66,93,0.0,1026,-5,6,156,4,Pilsach
2021-01-15 18:00:00,-3,-8,0.0,4.0,1,8,10:52 AM,08:16 PM,09:04 AM,05:44 PM,-7,-8,-6,-8,8,59,95,0.0,1026,-6,5,119,4,Pilsach
2021-01-15 19:00:00,-3,-8,0.0,4.0,1,8,10:52 AM,08:16 PM,09:04 AM,05:44 PM,-7,-9,-7,-9,8,62,95,0.0,1027,-7,4,155,4,Pilsach
2021-01-15 20:00:00,-3,-8,0.0,4.0,1,8,10:52 AM,08:16 PM,09:04 AM,05:44 PM,-8,-9,-7,-9,8,66,95,0.0,1027,-7,3,190,4,Pilsach
2021-01-15 21:00:00,-3,-8,0.0,4.0,1,8,10:52 AM,08:16 PM,09:04 AM,05:44 PM,-9,-10,-8,-10,8,70,95,0.0,1028,-8,2,226,4,Pilsach
2021-01-15 22:00:00,-3,-8,0.0,4.0,1,8,10:52 AM,08:16 PM,09:04 AM,05:44 PM,-8,-9,-7,-9,7,79,96,0.0,1028,-7,3,261,4,Pilsach
2021-01-15 23:00:00,-3,-8,0.0,4.0,1,8,10:52 AM,08:16 PM,09:04 AM,05:44 PM,-7,-8,-7,-8,6,89,97,0.1,1028,-7,4,296,3,Pilsach
2021-01-16 00:00:00,-5,-8,1.3,2.1,1,16,11:17 AM,09:29 PM,09:03 AM,05:45 PM,-7,-7,-7,-7,6,99,98,0.1,1029,-7,5,332,3,Pilsach
2021-01-16 01:00:00,-5,-8,1.3,2.1,1,16,11:17 AM,09:29 PM,09:03 AM,05:45 PM,-7,-7,-7,-7,6,99,98,0.0,1029,-7,4,322,3,Pilsach
2021-01-16 02:00:00,-5,-8,1.3,2.1,1,16,11:17 AM,09:29 PM,09:03 AM,05:45 PM,-7,-8,-7,-8,6,100,98,0.1,1029,-7,4,313,3,Pilsach
2021-01-16 03:00:00,-5,-8,1.3,2.1,1,16,11:17 AM,09:29 PM,09:03 AM,05:45 PM,-7,-8,-7,-8,6,100,98,0.1,1029,-7,4,304,3,Pilsach
2021-01-16 04:00:00,-5,-8,1.3,2.1,1,16,11:17 AM,09:29 PM,09:03 AM,05:45 PM,-8,-9,-7,-9,6,98,98,0.0,1029,-7,4,297,3,Pilsach
2021-01-16 05:00:00,-5,-8,1.3,2.1,1,16,11:17 AM,09:29 PM,09:03 AM,05:45 PM,-8,-9,-8,-9,6,96,98,0.1,1029,-8,3,291,3,Pilsach
2021-01-16 06:00:00,-5,-8,1.3,2.1,1,16,11:17 AM,09:29 PM,09:03 AM,05:45 PM,-8,-9,-8,-9,6,94,98,0.1,1029,-8,3,285,3,Pilsach
2021-01-16 07:00:00,-5,-8,1.3,2.1,1,16,11:17 AM,09:29 PM,09:03 AM,05:45 PM,-8,-9,-7,-9,6,93,97,0.1,1029,-7,3,280,4,Pilsach
2021-01-16 08:00:00,-5,-8,1.3,2.1,1,16,11:17 AM,09:29 PM,09:03 AM,05:45 PM,-7,-9,-7,-9,6,92,96,0.1,1029,-7,4,274,4,Pilsach
2021-01-16 09:00:00,-5,-8,1.3,2.1,1,16,11:17 AM,09:29 PM,09:03 AM,05:45 PM,-7,-9,-7,-9,6,91,96,0.1,1029,-7,4,269,4,Pilsach
2021-01-16 10:00:00,-5,-8,1.3,2.1,1,16,11:17 AM,09:29 PM,09:03 AM,05:45 PM,-7,-8,-6,-8,8,93,94,0.0,1028,-6,4,271,6,Pilsach
2021-01-16 11:00:00,-5,-8,1.3,2.1,1,16,11:17 AM,09:29 PM,09:03 AM,05:45 PM,-6,-8,-5,-8,9,95,92,0.1,1028,-5,5,272,7,Pilsach
2021-01-16 12:00:00,-5,-8,1.3,2.1,1,16,11:17 AM,09:29 PM,09:03 AM,05:45 PM,-6,-8,-5,-8,10,97,90,0.1,1028,-5,5,274,8,Pilsach
2021-01-16 13:00:00,-5,-8,1.3,2.1,1,16,11:17 AM,09:29 PM,09:03 AM,05:45 PM,-6,-8,-5,-8,11,96,90,0.0,1027,-5,5,279,9,Pilsach
2021-01-16 14:00:00,-5,-8,1.3,2.1,1,16,11:17 AM,09:29 PM,09:03 AM,05:45 PM,-6,-9,-5,-9,12,95,90,0.0,1027,-5,6,283,9,Pilsach
2021-01-16 15:00:00,-5,-8,1.3,2.1,1,16,11:17 AM,09:29 PM,09:03 AM,05:45 PM,-6,-9,-5,-9,13,94,91,0.0,1027,-5,6,288,9,Pilsach
2021-01-16 16:00:00,-5,-8,1.3,2.1,1,16,11:17 AM,09:29 PM,09:03 AM,05:45 PM,-6,-9,-5,-9,13,94,92,0.0,1027,-5,7,287,9,Pilsach
2021-01-16 17:00:00,-5,-8,1.3,2.1,1,16,11:17 AM,09:29 PM,09:03 AM,05:45 PM,-6,-9,-5,-9,13,93,94,0.1,1027,-5,7,286,8,Pilsach
2021-01-16 18:00:00,-5,-8,1.3,2.1,1,16,11:17 AM,09:29 PM,09:03 AM,05:45 PM,-6,-9,-6,-9,13,93,95,0.1,1027,-6,7,285,8,Pilsach
2021-01-16 19:00:00,-5,-8,1.3,2.1,1,16,11:17 AM,09:29 PM,09:03 AM,05:45 PM,-6,-9,-6,-9,11,92,96,0.0,1027,-6,7,272,7,Pilsach
2021-01-16 20:00:00,-5,-8,1.3,2.1,1,16,11:17 AM,09:29 PM,09:03 AM,05:45 PM,-7,-9,-6,-9,10,91,96,0.0,1027,-6,6,259,6,Pilsach
2021-01-16 21:00:00,-5,-8,1.3,2.1,1,16,11:17 AM,09:29 PM,09:03 AM,05:45 PM,-7,-8,-6,-8,8,91,97,0.0,1027,-6,6,246,5,Pilsach
2021-01-16 22:00:00,-5,-8,1.3,2.1,1,16,11:17 AM,09:29 PM,09:03 AM,05:45 PM,-7,-9,-6,-9,9,94,97,0.0,1026,-6,5,245,5,Pilsach
2021-01-16 23:00:00,-5,-8,1.3,2.1,1,16,11:17 AM,09:29 PM,09:03 AM,05:45 PM,-7,-9,-6,-9,10,97,97,0.1,1025,-6,5,243,5,Pilsach
2021-01-17 00:00:00,-1,-7,5.4,2.1,1,23,11:37 AM,10:39 PM,09:02 AM,05:47 PM,-7,-9,-6,-9,10,100,97,0.1,1023,-6,5,242,6,Pilsach
2021-01-17 01:00:00,-1,-7,5.4,2.1,1,23,11:37 AM,10:39 PM,09:02 AM,05:47 PM,-7,-9,-6,-9,10,100,97,0.0,1022,-6,4,231,6,Pilsach
2021-01-17 02:00:00,-1,-7,5.4,2.1,1,23,11:37 AM,10:39 PM,09:02 AM,05:47 PM,-7,-9,-6,-9,10,100,96,0.0,1022,-6,4,220,6,Pilsach
2021-01-17 03:00:00,-1,-7,5.4,2.1,1,23,11:37 AM,10:39 PM,09:02 AM,05:47 PM,-7,-9,-7,-9,10,100,96,0.0,1021,-7,3,209,5,Pilsach
2021-01-17 04:00:00,-1,-7,5.4,2.1,1,23,11:37 AM,10:39 PM,09:02 AM,05:47 PM,-7,-9,-6,-9,9,99,96,0.0,1021,-6,3,202,5,Pilsach
2021-01-17 05:00:00,-1,-7,5.4,2.1,1,23,11:37 AM,10:39 PM,09:02 AM,05:47 PM,-6,-8,-6,-8,8,98,96,0.1,1020,-6,2,195,5,Pilsach
2021-01-17 06:00:00,-1,-7,5.4,2.1,1,23,11:37 AM,10:39 PM,09:02 AM,05:47 PM,-6,-8,-6,-8,7,97,96,0.1,1020,-6,2,188,4,Pilsach
2021-01-17 07:00:00,-1,-7,5.4,2.1,1,23,11:37 AM,10:39 PM,09:02 AM,05:47 PM,-5,-7,-5,-7,7,98,96,0.1,1020,-5,2,185,4,Pilsach
2021-01-17 08:00:00,-1,-7,5.4,2.1,1,23,11:37 AM,10:39 PM,09:02 AM,05:47 PM,-5,-6,-4,-6,6,98,96,0.3,1020,-4,2,183,4,Pilsach
2021-01-17 09:00:00,-1,-7,5.4,2.1,1,23,11:37 AM,10:39 PM,09:02 AM,05:47 PM,-4,-5,-4,-5,5,99,96,0.4,1020,-4,2,180,4,Pilsach
2021-01-17 10:00:00,-1,-7,5.4,2.1,1,23,11:37 AM,10:39 PM,09:02 AM,05:47 PM,-4,-5,-3,-5,5,99,96,0.2,1019,-3,2,194,4,Pilsach
2021-01-17 11:00:00,-1,-7,5.4,2.1,1,23,11:37 AM,10:39 PM,09:02 AM,05:47 PM,-3,-4,-3,-4,5,100,95,0.5,1019,-3,2,208,4,Pilsach
2021-01-17 12:00:00,-1,-7,5.4,2.1,1,23,11:37 AM,10:39 PM,09:02 AM,05:47 PM,-3,-4,-2,-4,5,100,95,0.7,1019,-2,2,221,4,Pilsach
2021-01-17 13:00:00,-1,-7,5.4,2.1,1,23,11:37 AM,10:39 PM,09:02 AM,05:47 PM,-2,-4,-2,-4,6,100,96,0.3,1019,-2,2,238,5,Pilsach
2021-01-17 14:00:00,-1,-7,5.4,2.1,1,23,11:37 AM,10:39 PM,09:02 AM,05:47 PM,-2,-4,-1,-4,7,100,96,0.4,1019,-1,2,255,6,Pilsach
2021-01-17 15:00:00,-1,-7,5.4,2.1,1,23,11:37 AM,10:39 PM,09:02 AM,05:47 PM,-2,-4,-1,-4,8,100,97,0.5,1019,-1,2,272,6,Pilsach
2021-01-17 16:00:00,-1,-7,5.4,2.1,1,23,11:37 AM,10:39 PM,09:02 AM,05:47 PM,-2,-4,-2,-4,10,100,97,0.3,1020,-2,2,278,7,Pilsach
2021-01-17 17:00:00,-1,-7,5.4,2.1,1,23,11:37 AM,10:39 PM,09:02 AM,05:47 PM,-2,-5,-2,-5,11,100,98,0.5,1020,-2,2,285,7,Pilsach
2021-01-17 18:00:00,-1,-7,5.4,2.1,1,23,11:37 AM,10:39 PM,09:02 AM,05:47 PM,-2,-5,-2,-5,13,100,98,0.7,1021,-2,2,291,8,Pilsach
2021-01-17 19:00:00,-1,-7,5.4,2.1,1,23,11:37 AM,10:39 PM,09:02 AM,05:47 PM,-2,-6,-3,-6,16,100,98,0.4,1021,-4,2,292,9,Pilsach
2021-01-17 20:00:00,-1,-7,5.4,2.1,1,23,11:37 AM,10:39 PM,09:02 AM,05:47 PM,-2,-7,-4,-7,19,100,98,0.3,1022,-5,2,294,11,Pilsach
2021-01-17 21:00:00,-1,-7,5.4,2.1,1,23,11:37 AM,10:39 PM,09:02 AM,05:47 PM,-1,-8,-5,-8,22,100,98,0.4,1023,-7,2,295,13,Pilsach
2021-01-17 22:00:00,-1,-7,5.4,2.1,1,23,11:37 AM,10:39 PM,09:02 AM,05:47 PM,-2,-7,-4,-7,19,100,98,0.2,1023,-6,2,281,11,Pilsach
2021-01-17 23:00:00,-1,-7,5.4,2.1,1,23,11:37 AM,10:39 PM,09:02 AM,05:47 PM,-3,-7,-4,-7,17,100,98,0.0,1024,-5,1,268,9,Pilsach
2021-01-18 00:00:00,0,-5,3.5,2.1,1,30,11:55 AM,11:47 PM,09:01 AM,05:48 PM,-4,-7,-4,-7,14,100,98,0.0,1025,-4,1,254,8,Pilsach
2021-01-18 01:00:00,0,-5,3.5,2.1,1,30,11:55 AM,11:47 PM,09:01 AM,05:48 PM,-3,-7,-3,-7,17,100,98,0.0,1025,-3,1,262,10,Pilsach
2021-01-18 02:00:00,0,-5,3.5,2.1,1,30,11:55 AM,11:47 PM,09:01 AM,05:48 PM,-3,-6,-2,-6,21,100,98,0.1,1024,-2,1,269,12,Pilsach
2021-01-18 03:00:00,0,-5,3.5,2.1,1,30,11:55 AM,11:47 PM,09:01 AM,05:48 PM,-2,-6,-2,-6,24,100,98,0.1,1024,-2,1,277,14,Pilsach
2021-01-18 04:00:00,0,-5,3.5,2.1,1,30,11:55 AM,11:47 PM,09:01 AM,05:48 PM,-1,-6,-1,-6,24,100,98,0.1,1024,-1,2,278,15,Pilsach
2021-01-18 05:00:00,0,-5,3.5,2.1,1,30,11:55 AM,11:47 PM,09:01 AM,05:48 PM,-1,-6,-1,-6,25,100,98,0.2,1025,-1,2,280,16,Pilsach
2021-01-18 06:00:00,0,-5,3.5,2.1,1,30,11:55 AM,11:47 PM,09:01 AM,05:48 PM,-1,-5,-1,-5,25,100,98,0.2,1025,-1,2,281,17,Pilsach
2021-01-18 07:00:00,0,-5,3.5,2.1,1,30,11:55 AM,11:47 PM,09:01 AM,05:48 PM,-1,-5,-0,-5,25,100,98,0.1,1025,-0,2,278,17,Pilsach
2021-01-18 08:00:00,0,-5,3.5,2.1,1,30,11:55 AM,11:47 PM,09:01 AM,05:48 PM,-1,-5,-0,-5,24,100,98,0.3,1025,-0,2,275,17,Pilsach
2021-01-18 09:00:00,0,-5,3.5,2.1,1,30,11:55 AM,11:47 PM,09:01 AM,05:48 PM,-1,-5,-0,-5,24,100,98,0.4,1026,-0,2,273,17,Pilsach
2021-01-18 10:00:00,0,-5,3.5,2.1,1,30,11:55 AM,11:47 PM,09:01 AM,05:48 PM,-1,-5,-0,-5,24,100,97,0.2,1026,-0,2,270,17,Pilsach
2021-01-18 11:00:00,0,-5,3.5,2.1,1,30,11:55 AM,11:47 PM,09:01 AM,05:48 PM,-1,-5,-0,-5,23,100,96,0.5,1026,-0,2,268,17,Pilsach
2021-01-18 12:00:00,0,-5,3.5,2.1,1,30,11:55 AM,11:47 PM,09:01 AM,05:48 PM,-1,-5,0,-5,22,100,95,0.6,1026,0,2,265,17,Pilsach
2021-01-18 13:00:00,0,-5,3.5,2.1,1,30,11:55 AM,11:47 PM,09:01 AM,05:48 PM,-1,-5,-0,-5,22,100,94,0.3,1026,-0,3,264,16,Pilsach
2021-01-18 14:00:00,0,-5,3.5,2.1,1,30,11:55 AM,11:47 PM,09:01 AM,05:48 PM,-1,-5,-0,-5,22,100,94,0.2,1026,-0,3,262,16,Pilsach
2021-01-18 15:00:00,0,-5,3.5,2.1,1,30,11:55 AM,11:47 PM,09:01 AM,05:48 PM,-1,-5,-0,-5,21,100,93,0.3,1026,-0,4,261,15,Pilsach
2021-01-18 16:00:00,0,-5,3.5,2.1,1,30,11:55 AM,11:47 PM,09:01 AM,05:48 PM,-2,-5,-1,-5,21,100,94,0.1,1026,-1,4,259,15,Pilsach
2021-01-18 17:00:00,0,-5,3.5,2.1,1,30,11:55 AM,11:47 PM,09:01 AM,05:48 PM,-2,-6,-1,-6,22,100,95,0.1,1026,-1,3,257,15,Pilsach
2021-01-18 18:00:00,0,-5,3.5,2.1,1,30,11:55 AM,11:47 PM,09:01 AM,05:48 PM,-2,-6,-2,-6,22,100,96,0.2,1027,-2,3,255,14,Pilsach
2021-01-18 19:00:00,0,-5,3.5,2.1,1,30,11:55 AM,11:47 PM,09:01 AM,05:48 PM,-2,-6,-2,-6,22,100,96,0.1,1026,-3,3,252,14,Pilsach
2021-01-18 20:00:00,0,-5,3.5,2.1,1,30,11:55 AM,11:47 PM,09:01 AM,05:48 PM,-2,-6,-2,-6,22,100,96,0.1,1026,-4,4,249,14,Pilsach
2021-01-18 21:00:00,0,-5,3.5,2.1,1,30,11:55 AM,11:47 PM,09:01 AM,05:48 PM,-2,-6,-3,-6,23,100,96,0.1,1026,-5,4,247,14,Pilsach
2021-01-18 22:00:00,0,-5,3.5,2.1,1,30,11:55 AM,11:47 PM,09:01 AM,05:48 PM,-2,-6,-3,-6,24,100,96,0.0,1026,-4,3,247,15,Pilsach
2021-01-18 23:00:00,0,-5,3.5,2.1,1,30,11:55 AM,11:47 PM,09:01 AM,05:48 PM,-2,-7,-2,-7,26,100,95,0.1,1025,-4,3,247,16,Pilsach
2021-01-19 00:00:00,1,-4,2.0,2.1,1,38,12:11 PM,No moonset,09:01 AM,05:50 PM,-2,-7,-2,-7,28,100,95,0.2,1025,-3,2,248,17,Pilsach
2021-01-19 01:00:00,1,-4,2.0,2.1,1,38,12:11 PM,No moonset,09:01 AM,05:50 PM,-3,-7,-3,-7,26,93,94,0.1,1024,-4,2,241,15,Pilsach
2021-01-19 02:00:00,1,-4,2.0,2.1,1,38,12:11 PM,No moonset,09:01 AM,05:50 PM,-4,-8,-3,-8,23,85,94,0.0,1024,-4,2,234,13,Pilsach
2021-01-19 03:00:00,1,-4,2.0,2.1,1,38,12:11 PM,No moonset,09:01 AM,05:50 PM,-5,-8,-4,-8,21,78,94,0.0,1023,-4,2,227,11,Pilsach
2021-01-19 04:00:00,1,-4,2.0,2.1,1,38,12:11 PM,No moonset,09:01 AM,05:50 PM,-5,-8,-4,-8,21,82,94,0.0,1022,-4,4,220,11,Pilsach
2021-01-19 05:00:00,1,-4,2.0,2.1,1,38,12:11 PM,No moonset,09:01 AM,05:50 PM,-5,-8,-4,-8,20,85,93,0.0,1022,-4,6,213,11,Pilsach
2021-01-19 06:00:00,1,-4,2.0,2.1,1,38,12:11 PM,No moonset,09:01 AM,05:50 PM,-5,-8,-4,-8,19,89,93,0.0,1021,-4,7,206,10,Pilsach
2021-01-19 07:00:00,1,-4,2.0,2.1,1,38,12:11 PM,No moonset,09:01 AM,05:50 PM,-4,-7,-3,-7,20,93,93,0.0,1020,-3,7,208,12,Pilsach
2021-01-19 08:00:00,1,-4,2.0,2.1,1,38,12:11 PM,No moonset,09:01 AM,05:50 PM,-4,-7,-3,-7,20,96,92,0.0,1020,-3,7,211,13,Pilsach
2021-01-19 09:00:00,1,-4,2.0,2.1,1,38,12:11 PM,No moonset,09:01 AM,05:50 PM,-3,-6,-2,-6,21,100,92,0.0,1019,-2,7,213,14,Pilsach
2021-01-19 10:00:00,1,-4,2.0,2.1,1,38,12:11 PM,No moonset,09:01 AM,05:50 PM,-2,-6,-1,-6,23,100,91,0.0,1018,-1,5,218,16,Pilsach
2021-01-19 11:00:00,1,-4,2.0,2.1,1,38,12:11 PM,No moonset,09:01 AM,05:50 PM,-2,-5,-0,-5,26,100,90,0.3,1017,-0,4,222,18,Pilsach
2021-01-19 12:00:00,1,-4,2.0,2.1,1,38,12:11 PM,No moonset,09:01 AM,05:50 PM,-1,-5,0,-5,29,100,89,0.4,1016,0,3,226,20,Pilsach
2021-01-19 13:00:00,1,-4,2.0,2.1,1,38,12:11 PM,No moonset,09:01 AM,05:50 PM,-1,-4,1,-4,29,100,89,0.2,1015,1,3,233,20,Pilsach
2021-01-19 14:00:00,1,-4,2.0,2.1,1,38,12:11 PM,No moonset,09:01 AM,05:50 PM,-1,-4,1,-4,30,100,89,0.2,1015,1,2,240,19,Pilsach
2021-01-19 15:00:00,1,-4,2.0,2.1,1,38,12:11 PM,No moonset,09:01 AM,05:50 PM,-0,-3,1,-3,30,100,89,0.3,1014,1,2,246,19,Pilsach
2021-01-19 16:00:00,1,-4,2.0,2.1,1,38,12:11 PM,No moonset,09:01 AM,05:50 PM,-0,-3,1,-3,30,100,91,0.2,1014,1,4,247,18,Pilsach
2021-01-19 17:00:00,1,-4,2.0,2.1,1,38,12:11 PM,No moonset,09:01 AM,05:50 PM,0,-3,1,-3,29,100,93,0.1,1014,1,6,249,18,Pilsach
2021-01-19 18:00:00,1,-4,2.0,2.1,1,38,12:11 PM,No moonset,09:01 AM,05:50 PM,1,-3,1,-3,29,100,95,0.1,1014,1,7,250,17,Pilsach
2021-01-19 19:00:00,1,-4,2.0,2.1,1,38,12:11 PM,No moonset,09:01 AM,05:50 PM,1,-3,1,-3,28,93,95,0.0,1014,0,7,248,16,Pilsach
2021-01-19 20:00:00,1,-4,2.0,2.1,1,38,12:11 PM,No moonset,09:01 AM,05:50 PM,1,-3,0,-3,27,86,95,0.1,1014,-1,7,247,15,Pilsach
2021-01-19 21:00:00,1,-4,2.0,2.1,1,38,12:11 PM,No moonset,09:01 AM,05:50 PM,1,-4,-0,-4,26,79,95,0.2,1014,-2,7,245,14,Pilsach
2021-01-19 22:00:00,1,-4,2.0,2.1,1,38,12:11 PM,No moonset,09:01 AM,05:50 PM,-0,-4,-0,-4,24,79,94,0.1,1014,-2,8,237,13,Pilsach
2021-01-19 23:00:00,1,-4,2.0,2.1,1,38,12:11 PM,No moonset,09:01 AM,05:50 PM,-1,-4,-0,-4,23,80,93,0.2,1014,-1,9,229,11,Pilsach
2021-01-20 00:00:00,2,-1,0.0,6.9,1,45,12:28 PM,12:53 AM,09:00 AM,05:51 PM,-2,-4,-1,-4,21,81,92,0.3,1014,-1,10,220,10,Pilsach
2021-01-20 01:00:00,2,-1,0.0,6.9,1,45,12:28 PM,12:53 AM,09:00 AM,05:51 PM,-2,-4,-1,-4,21,65,90,0.1,1014,-1,10,216,10,Pilsach
2021-01-20 02:00:00,2,-1,0.0,6.9,1,45,12:28 PM,12:53 AM,09:00 AM,05:51 PM,-3,-5,-1,-5,22,49,88,0.0,1013,-1,10,211,11,Pilsach
2021-01-20 03:00:00,2,-1,0.0,6.9,1,45,12:28 PM,12:53 AM,09:00 AM,05:51 PM,-3,-5,-1,-5,22,33,86,0.0,1013,-1,10,207,11,Pilsach
2021-01-20 04:00:00,2,-1,0.0,6.9,1,45,12:28 PM,12:53 AM,09:00 AM,05:51 PM,-3,-5,-1,-5,24,42,85,0.0,1013,-1,10,204,11,Pilsach
2021-01-20 05:00:00,2,-1,0.0,6.9,1,45,12:28 PM,12:53 AM,09:00 AM,05:51 PM,-3,-5,-1,-5,25,51,84,0.0,1012,-1,10,202,12,Pilsach
2021-01-20 06:00:00,2,-1,0.0,6.9,1,45,12:28 PM,12:53 AM,09:00 AM,05:51 PM,-3,-5,-1,-5,27,61,84,0.0,1012,-1,10,199,13,Pilsach
2021-01-20 07:00:00,2,-1,0.0,6.9,1,45,12:28 PM,12:53 AM,09:00 AM,05:51 PM,-3,-5,-1,-5,27,61,84,0.0,1012,-1,10,197,13,Pilsach
2021-01-20 08:00:00,2,-1,0.0,6.9,1,45,12:28 PM,12:53 AM,09:00 AM,05:51 PM,-3,-4,-0,-4,27,61,83,0.0,1011,-0,10,195,13,Pilsach
2021-01-20 09:00:00,2,-1,0.0,6.9,1,45,12:28 PM,12:53 AM,09:00 AM,05:51 PM,-2,-4,0,-4,28,62,83,0.0,1011,0,10,193,14,Pilsach
2021-01-20 10:00:00,2,-1,0.0,6.9,1,45,12:28 PM,12:53 AM,09:00 AM,05:51 PM,-2,-3,1,-3,26,50,84,0.0,1011,1,10,194,13,Pilsach
2021-01-20 11:00:00,2,-1,0.0,6.9,1,45,12:28 PM,12:53 AM,09:00 AM,05:51 PM,-1,-2,1,-2,25,38,86,0.0,1010,1,10,195,13,Pilsach
2021-01-20 12:00:00,2,-1,0.0,6.9,1,45,12:28 PM,12:53 AM,09:00 AM,05:51 PM,-0,-2,2,-2,24,26,87,0.0,1010,2,10,196,12,Pilsach
2021-01-20 13:00:00,2,-1,0.0,6.9,1,45,12:28 PM,12:53 AM,09:00 AM,05:51 PM,-0,-2,2,-2,23,27,86,0.0,1009,2,10,189,12,Pilsach
2021-01-20 14:00:00,2,-1,0.0,6.9,1,45,12:28 PM,12:53 AM,09:00 AM,05:51 PM,-0,-1,2,-1,22,28,86,0.0,1009,2,10,181,11,Pilsach
2021-01-20 15:00:00,2,-1,0.0,6.9,1,45,12:28 PM,12:53 AM,09:00 AM,05:51 PM,-1,-1,2,-1,22,30,86,0.0,1008,2,10,173,10,Pilsach
2021-01-20 16:00:00,2,-1,0.0,6.9,1,45,12:28 PM,12:53 AM,09:00 AM,05:51 PM,-1,-2,1,-2,20,35,86,0.0,1008,1,10,167,10,Pilsach
2021-01-20 17:00:00,2,-1,0.0,6.9,1,45,12:28 PM,12:53 AM,09:00 AM,05:51 PM,-2,-2,1,-2,19,40,86,0.0,1008,1,10,161,9,Pilsach
2021-01-20 18:00:00,2,-1,0.0,6.9,1,45,12:28 PM,12:53 AM,09:00 AM,05:51 PM,-2,-3,0,-3,18,46,87,0.0,1007,0,10,154,9,Pilsach
2021-01-20 19:00:00,2,-1,0.0,6.9,1,45,12:28 PM,12:53 AM,09:00 AM,05:51 PM,-2,-3,-0,-3,17,39,87,0.0,1007,-0,10,151,8,Pilsach
2021-01-20 20:00:00,2,-1,0.0,6.9,1,45,12:28 PM,12:53 AM,09:00 AM,05:51 PM,-3,-3,-1,-3,15,32,88,0.0,1007,-1,10,147,7,Pilsach
2021-01-20 21:00:00,2,-1,0.0,6.9,1,45,12:28 PM,12:53 AM,09:00 AM,05:51 PM,-3,-3,-1,-3,14,25,89,0.0,1007,-1,10,144,6,Pilsach
2021-01-20 22:00:00,2,-1,0.0,6.9,1,45,12:28 PM,12:53 AM,09:00 AM,05:51 PM,-3,-4,-1,-4,15,34,89,0.0,1007,-1,10,140,7,Pilsach
2021-01-20 23:00:00,2,-1,0.0,6.9,1,45,12:28 PM,12:53 AM,09:00 AM,05:51 PM,-3,-4,-1,-4,16,42,89,0.0,1007,-1,10,137,7,Pilsach
2021-01-21 00:00:00,3,-2,0.0,6.9,2,52,12:45 PM,01:59 AM,08:59 AM,05:53 PM,-3,-4,-1,-4,17,51,89,0.0,1007,-1,10,134,8,Pilsach
2021-01-21 01:00:00,3,-2,0.0,6.9,2,52,12:45 PM,01:59 AM,08:59 AM,05:53 PM,-3,-5,-1,-5,18,48,89,0.0,1007,-1,10,138,9,Pilsach
2021-01-21 02:00:00,3,-2,0.0,6.9,2,52,12:45 PM,01:59 AM,08:59 AM,05:53 PM,-3,-5,-2,-5,19,45,90,0.0,1006,-2,10,143,9,Pilsach
2021-01-21 03:00:00,3,-2,0.0,6.9,2,52,12:45 PM,01:59 AM,08:59 AM,05:53 PM,-3,-6,-2,-6,20,42,91,0.0,1006,-2,10,147,10,Pilsach
2021-01-21 04:00:00,3,-2,0.0,6.9,2,52,12:45 PM,01:59 AM,08:59 AM,05:53 PM,-3,-5,-2,-5,20,37,90,0.0,1006,-2,10,149,10,Pilsach
2021-01-21 05:00:00,3,-2,0.0,6.9,2,52,12:45 PM,01:59 AM,08:59 AM,05:53 PM,-3,-5,-2,-5,20,32,90,0.0,1006,-2,10,151,10,Pilsach
2021-01-21 06:00:00,3,-2,0.0,6.9,2,52,12:45 PM,01:59 AM,08:59 AM,05:53 PM,-3,-5,-2,-5,20,27,89,0.0,1006,-2,10,153,10,Pilsach
2021-01-21 07:00:00,3,-2,0.0,6.9,2,52,12:45 PM,01:59 AM,08:59 AM,05:53 PM,-3,-5,-1,-5,21,28,88,0.0,1005,-1,10,153,10,Pilsach
2021-01-21 08:00:00,3,-2,0.0,6.9,2,52,12:45 PM,01:59 AM,08:59 AM,05:53 PM,-3,-4,-1,-4,21,28,86,0.0,1005,-1,10,154,11,Pilsach
2021-01-21 09:00:00,3,-2,0.0,6.9,2,52,12:45 PM,01:59 AM,08:59 AM,05:53 PM,-2,-4,0,-4,22,29,84,0.0,1005,0,10,154,12,Pilsach
2021-01-21 10:00:00,3,-2,0.0,6.9,2,52,12:45 PM,01:59 AM,08:59 AM,05:53 PM,-2,-3,1,-3,22,33,84,0.0,1005,1,10,162,12,Pilsach
2021-01-21 11:00:00,3,-2,0.0,6.9,2,52,12:45 PM,01:59 AM,08:59 AM,05:53 PM,-1,-2,2,-2,21,37,84,0.0,1004,2,10,170,13,Pilsach
2021-01-21 12:00:00,3,-2,0.0,6.9,2,52,12:45 PM,01:59 AM,08:59 AM,05:53 PM,-0,-1,2,-1,21,41,83,0.0,1004,2,10,178,13,Pilsach
2021-01-21 13:00:00,3,-2,0.0,6.9,2,52,12:45 PM,01:59 AM,08:59 AM,05:53 PM,0,-1,3,-1,22,47,85,0.0,1004,3,10,182,13,Pilsach
2021-01-21 14:00:00,3,-2,0.0,6.9,2,52,12:45 PM,01:59 AM,08:59 AM,05:53 PM,1,-0,3,-0,22,54,86,0.0,1004,3,10,186,13,Pilsach
2021-01-21 15:00:00,3,-2,0.0,6.9,2,52,12:45 PM,01:59 AM,08:59 AM,05:53 PM,2,0,3,0,23,60,88,0.0,1004,3,10,190,13,Pilsach
2021-01-21 16:00:00,3,-2,0.0,6.9,2,52,12:45 PM,01:59 AM,08:59 AM,05:53 PM,1,-0,3,-0,24,57,89,0.0,1003,3,10,183,12,Pilsach
2021-01-21 17:00:00,3,-2,0.0,6.9,2,52,12:45 PM,01:59 AM,08:59 AM,05:53 PM,1,-1,2,-1,25,53,90,0.0,1003,2,10,177,12,Pilsach
2021-01-21 18:00:00,3,-2,0.0,6.9,2,52,12:45 PM,01:59 AM,08:59 AM,05:53 PM,1,-2,2,-2,26,49,91,0.0,1003,2,10,170,12,Pilsach
2021-01-21 19:00:00,3,-2,0.0,6.9,2,52,12:45 PM,01:59 AM,08:59 AM,05:53 PM,0,-2,1,-2,23,59,91,0.0,1002,1,10,170,11,Pilsach
2021-01-21 20:00:00,3,-2,0.0,6.9,2,52,12:45 PM,01:59 AM,08:59 AM,05:53 PM,-0,-2,1,-2,21,70,91,0.0,1001,1,10,170,10,Pilsach
2021-01-21 21:00:00,3,-2,0.0,6.9,2,52,12:45 PM,01:59 AM,08:59 AM,05:53 PM,-1,-3,0,-3,19,80,91,0.0,1001,0,10,170,9,Pilsach
2021-01-21 22:00:00,3,-2,0.0,6.9,2,52,12:45 PM,01:59 AM,08:59 AM,05:53 PM,-1,-3,0,-3,18,84,91,0.0,1001,0,10,175,9,Pilsach
2021-01-21 23:00:00,3,-2,0.0,6.9,2,52,12:45 PM,01:59 AM,08:59 AM,05:53 PM,-1,-2,0,-2,17,87,90,0.0,1001,0,10,181,8,Pilsach
2021-01-22 00:00:00,5,-3,0.0,5.1,1,59,01:05 PM,03:05 AM,08:58 AM,05:54 PM,-1,-2,0,-2,16,91,90,0.0,1001,0,10,187,8,Pilsach
2021-01-22 01:00:00,5,-3,0.0,5.1,1,59,01:05 PM,03:05 AM,08:58 AM,05:54 PM,-1,-2,0,-2,16,82,90,0.0,1000,0,10,182,8,Pilsach
2021-01-22 02:00:00,5,-3,0.0,5.1,1,59,01:05 PM,03:05 AM,08:58 AM,05:54 PM,-1,-3,0,-3,16,73,91,0.0,1000,0,10,178,8,Pilsach
2021-01-22 03:00:00,5,-3,0.0,5.1,1,59,01:05 PM,03:05 AM,08:58 AM,05:54 PM,-2,-3,-0,-3,16,64,91,0.0,999,-0,10,173,8,Pilsach
2021-01-22 04:00:00,5,-3,0.0,5.1,1,59,01:05 PM,03:05 AM,08:58 AM,05:54 PM,-1,-3,0,-3,20,64,91,0.0,999,0,10,175,10,Pilsach
2021-01-22 05:00:00,5,-3,0.0,5.1,1,59,01:05 PM,03:05 AM,08:58 AM,05:54 PM,-1,-3,1,-3,24,65,91,0.0,999,1,10,177,12,Pilsach
2021-01-22 06:00:00,5,-3,0.0,5.1,1,59,01:05 PM,03:05 AM,08:58 AM,05:54 PM,-1,-3,1,-3,27,65,91,0.0,998,1,10,179,14,Pilsach
2021-01-22 07:00:00,5,-3,0.0,5.1,1,59,01:05 PM,03:05 AM,08:58 AM,05:54 PM,0,-2,2,-2,30,69,90,0.0,998,2,10,189,16,Pilsach
2021-01-22 08:00:00,5,-3,0.0,5.1,1,59,01:05 PM,03:05 AM,08:58 AM,05:54 PM,1,-2,2,-2,32,73,89,0.0,998,2,10,198,18,Pilsach
2021-01-22 09:00:00,5,-3,0.0,5.1,1,59,01:05 PM,03:05 AM,08:58 AM,05:54 PM,1,-1,3,-1,34,77,88,0.0,998,3,10,208,19,Pilsach
2021-01-22 10:00:00,5,-3,0.0,5.1,1,59,01:05 PM,03:05 AM,08:58 AM,05:54 PM,2,-0,4,-0,31,80,88,0.0,998,4,10,221,18,Pilsach
2021-01-22 11:00:00,5,-3,0.0,5.1,1,59,01:05 PM,03:05 AM,08:58 AM,05:54 PM,3,1,5,1,28,83,88,0.0,998,5,10,234,17,Pilsach
2021-01-22 12:00:00,5,-3,0.0,5.1,1,59,01:05 PM,03:05 AM,08:58 AM,05:54 PM,4,2,5,2,25,86,88,0.0,998,5,10,247,16,Pilsach
2021-01-22 13:00:00,5,-3,0.0,5.1,1,59,01:05 PM,03:05 AM,08:58 AM,05:54 PM,3,2,5,2,20,76,90,0.0,998,5,8,228,13,Pilsach
2021-01-22 14:00:00,5,-3,0.0,5.1,1,59,01:05 PM,03:05 AM,08:58 AM,05:54 PM,3,3,5,3,15,67,91,0.0,997,5,6,210,9,Pilsach
2021-01-22 15:00:00,5,-3,0.0,5.1,1,59,01:05 PM,03:05 AM,08:58 AM,05:54 PM,3,3,4,3,10,58,92,0.0,997,4,5,191,6,Pilsach
2021-01-22 16:00:00,5,-3,0.0,5.1,1,59,01:05 PM,03:05 AM,08:58 AM,05:54 PM,3,2,3,2,12,66,94,0.0,997,3,3,168,7,Pilsach
2021-01-22 17:00:00,5,-3,0.0,5.1,1,59,01:05 PM,03:05 AM,08:58 AM,05:54 PM,2,1,2,1,14,74,95,0.0,996,2,2,146,7,Pilsach
2021-01-22 18:00:00,5,-3,0.0,5.1,1,59,01:05 PM,03:05 AM,08:58 AM,05:54 PM,1,-1,1,-1,15,81,96,0.0,996,1,1,124,8,Pilsach
2021-01-22 19:00:00,5,-3,0.0,5.1,1,59,01:05 PM,03:05 AM,08:58 AM,05:54 PM,0,-2,0,-2,18,84,95,0.0,995,-0,3,111,9,Pilsach
2021-01-22 20:00:00,5,-3,0.0,5.1,1,59,01:05 PM,03:05 AM,08:58 AM,05:54 PM,0,-3,-1,-3,20,87,94,0.0,994,-2,5,98,10,Pilsach
2021-01-22 21:00:00,5,-3,0.0,5.1,1,59,01:05 PM,03:05 AM,08:58 AM,05:54 PM,-0,-4,-2,-4,23,89,93,0.0,993,-3,7,86,11,Pilsach
2021-01-22 22:00:00,5,-3,0.0,5.1,1,59,01:05 PM,03:05 AM,08:58 AM,05:54 PM,-0,-4,-1,-4,21,93,93,0.0,993,-2,6,139,10,Pilsach
2021-01-22 23:00:00,5,-3,0.0,5.1,1,59,01:05 PM,03:05 AM,08:58 AM,05:54 PM,-0,-3,-1,-3,18,96,93,0.0,993,-1,5,193,9,Pilsach
2021-01-23 00:00:00,1,-2,16.6,3.4,1,67,01:29 PM,04:11 AM,08:57 AM,05:56 PM,0,-2,0,-2,16,100,93,0.0,993,-1,5,247,8,Pilsach
2021-01-23 01:00:00,1,-2,16.6,3.4,1,67,01:29 PM,04:11 AM,08:57 AM,05:56 PM,0,-2,0,-2,17,100,95,0.0,993,-0,4,274,9,Pilsach
2021-01-23 02:00:00,1,-2,16.6,3.4,1,67,01:29 PM,04:11 AM,08:57 AM,05:56 PM,1,-2,1,-2,17,100,96,0.4,992,1,3,301,10,Pilsach
2021-01-23 03:00:00,1,-2,16.6,3.4,1,67,01:29 PM,04:11 AM,08:57 AM,05:56 PM,1,-2,1,-2,18,100,97,0.6,992,1,2,329,10,Pilsach
2021-01-23 04:00:00,1,-2,16.6,3.4,1,67,01:29 PM,04:11 AM,08:57 AM,05:56 PM,1,-3,1,-3,21,100,98,0.3,993,1,2,321,13,Pilsach
2021-01-23 05:00:00,1,-2,16.6,3.4,1,67,01:29 PM,04:11 AM,08:57 AM,05:56 PM,1,-3,1,-3,24,100,98,2.2,993,1,2,314,15,Pilsach
2021-01-23 06:00:00,1,-2,16.6,3.4,1,67,01:29 PM,04:11 AM,08:57 AM,05:56 PM,1,-4,1,-4,27,100,99,2.9,994,1,2,307,18,Pilsach
2021-01-23 07:00:00,1,-2,16.6,3.4,1,67,01:29 PM,04:11 AM,08:57 AM,05:56 PM,0,-4,0,-4,29,100,99,1.4,995,0,2,302,19,Pilsach
2021-01-23 08:00:00,1,-2,16.6,3.4,1,67,01:29 PM,04:11 AM,08:57 AM,05:56 PM,0,-5,0,-5,31,100,99,2.0,995,0,2,298,21,Pilsach
2021-01-23 09:00:00,1,-2,16.6,3.4,1,67,01:29 PM,04:11 AM,08:57 AM,05:56 PM,-0,-6,0,-6,33,100,98,2.7,996,0,2,293,23,Pilsach
2021-01-23 10:00:00,1,-2,16.6,3.4,1,67,01:29 PM,04:11 AM,08:57 AM,05:56 PM,-0,-5,0,-5,30,99,98,1.4,997,0,2,292,21,Pilsach
2021-01-23 11:00:00,1,-2,16.6,3.4,1,67,01:29 PM,04:11 AM,08:57 AM,05:56 PM,-0,-5,0,-5,27,99,97,1.7,997,0,2,290,19,Pilsach
2021-01-23 12:00:00,1,-2,16.6,3.4,1,67,01:29 PM,04:11 AM,08:57 AM,05:56 PM,-0,-4,0,-4,23,98,96,2.3,998,0,2,288,18,Pilsach
2021-01-23 13:00:00,1,-2,16.6,3.4,1,67,01:29 PM,04:11 AM,08:57 AM,05:56 PM,-0,-4,0,-4,19,98,96,1.1,998,0,4,283,15,Pilsach
2021-01-23 14:00:00,1,-2,16.6,3.4,1,67,01:29 PM,04:11 AM,08:57 AM,05:56 PM,-0,-3,0,-3,15,99,96,0.6,998,0,6,278,12,Pilsach
2021-01-23 15:00:00,1,-2,16.6,3.4,1,67,01:29 PM,04:11 AM,08:57 AM,05:56 PM,0,-2,1,-2,12,99,96,0.8,998,1,7,272,9,Pilsach
2021-01-23 16:00:00,1,-2,16.6,3.4,1,67,01:29 PM,04:11 AM,08:57 AM,05:56 PM,-1,-2,-0,-2,10,94,96,0.4,998,-0,6,252,7,Pilsach
2021-01-23 17:00:00,1,-2,16.6,3.4,1,67,01:29 PM,04:11 AM,08:57 AM,05:56 PM,-1,-3,-1,-3,9,88,96,0.0,999,-1,6,232,6,Pilsach
2021-01-23 18:00:00,1,-2,16.6,3.4,1,67,01:29 PM,04:11 AM,08:57 AM,05:56 PM,-2,-3,-1,-3,8,83,97,0.0,999,-1,5,212,5,Pilsach
2021-01-23 19:00:00,1,-2,16.6,3.4,1,67,01:29 PM,04:11 AM,08:57 AM,05:56 PM,-2,-3,-2,-3,8,82,96,0.0,999,-2,4,198,4,Pilsach
2021-01-23 20:00:00,1,-2,16.6,3.4,1,67,01:29 PM,04:11 AM,08:57 AM,05:56 PM,-3,-3,-2,-3,8,80,96,0.0,999,-2,3,184,4,Pilsach
2021-01-23 21:00:00,1,-2,16.6,3.4,1,67,01:29 PM,04:11 AM,08:57 AM,05:56 PM,-3,-4,-2,-4,8,79,96,0.0,999,-2,2,169,4,Pilsach
2021-01-23 22:00:00,1,-2,16.6,3.4,1,67,01:29 PM,04:11 AM,08:57 AM,05:56 PM,-3,-4,-3,-4,10,81,96,0.0,998,-3,2,157,5,Pilsach
2021-01-23 23:00:00,1,-2,16.6,3.4,1,67,01:29 PM,04:11 AM,08:57 AM,05:56 PM,-3,-5,-3,-5,13,84,97,0.0,997,-3,2,144,6,Pilsach
2021-01-24 00:00:00,-1,-6,2.6,3.4,1,74,01:58 PM,05:18 AM,08:55 AM,05:57 PM,-3,-6,-3,-6,15,86,97,0.0,996,-3,1,131,8,Pilsach
2021-01-24 01:00:00,-1,-6,2.6,3.4,1,74,01:58 PM,05:18 AM,08:55 AM,05:57 PM,-3,-6,-3,-6,15,89,97,0.0,996,-3,2,140,8,Pilsach
2021-01-24 02:00:00,-1,-6,2.6,3.4,1,74,01:58 PM,05:18 AM,08:55 AM,05:57 PM,-3,-6,-3,-6,15,91,98,0.2,996,-3,2,149,8,Pilsach
2021-01-24 03:00:00,-1,-6,2.6,3.4,1,74,01:58 PM,05:18 AM,08:55 AM,05:57 PM,-3,-6,-2,-6,15,94,98,0.2,996,-2,2,158,9,Pilsach
2021-01-24 04:00:00,-1,-6,2.6,3.4,1,74,01:58 PM,05:18 AM,08:55 AM,05:57 PM,-2,-6,-2,-6,20,96,97,0.1,996,-2,4,181,12,Pilsach
2021-01-24 05:00:00,-1,-6,2.6,3.4,1,74,01:58 PM,05:18 AM,08:55 AM,05:57 PM,-2,-6,-2,-6,24,98,95,0.1,996,-2,6,204,15,Pilsach
2021-01-24 06:00:00,-1,-6,2.6,3.4,1,74,01:58 PM,05:18 AM,08:55 AM,05:57 PM,-2,-6,-1,-6,28,100,94,0.1,997,-1,7,227,18,Pilsach
2021-01-24 07:00:00,-1,-6,2.6,3.4,1,74,01:58 PM,05:18 AM,08:55 AM,05:57 PM,-2,-6,-1,-6,29,100,93,0.1,997,-1,6,238,20,Pilsach
2021-01-24 08:00:00,-1,-6,2.6,3.4,1,74,01:58 PM,05:18 AM,08:55 AM,05:57 PM,-2,-7,-1,-7,31,100,92,0.1,998,-1,6,250,22,Pilsach
2021-01-24 09:00:00,-1,-6,2.6,3.4,1,74,01:58 PM,05:18 AM,08:55 AM,05:57 PM,-2,-7,-1,-7,32,100,91,0.1,999,-1,5,261,23,Pilsach
2021-01-24 10:00:00,-1,-6,2.6,3.4,1,74,01:58 PM,05:18 AM,08:55 AM,05:57 PM,-2,-7,-1,-7,31,100,91,0.1,999,-1,4,260,23,Pilsach
2021-01-24 11:00:00,-1,-6,2.6,3.4,1,74,01:58 PM,05:18 AM,08:55 AM,05:57 PM,-2,-7,-1,-7,30,100,91,0.1,1000,-1,3,259,23,Pilsach
2021-01-24 12:00:00,-1,-6,2.6,3.4,1,74,01:58 PM,05:18 AM,08:55 AM,05:57 PM,-2,-7,-1,-7,30,100,91,0.2,1001,-1,2,259,22,Pilsach
2021-01-24 13:00:00,-1,-6,2.6,3.4,1,74,01:58 PM,05:18 AM,08:55 AM,05:57 PM,-2,-7,-1,-7,29,100,91,0.1,1001,-1,3,259,21,Pilsach
2021-01-24 14:00:00,-1,-6,2.6,3.4,1,74,01:58 PM,05:18 AM,08:55 AM,05:57 PM,-2,-6,-1,-6,28,100,90,0.3,1001,-1,4,260,20,Pilsach
2021-01-24 15:00:00,-1,-6,2.6,3.4,1,74,01:58 PM,05:18 AM,08:55 AM,05:57 PM,-3,-6,-1,-6,27,100,90,0.4,1002,-1,5,261,19,Pilsach
2021-01-24 16:00:00,-1,-6,2.6,3.4,1,74,01:58 PM,05:18 AM,08:55 AM,05:57 PM,-3,-7,-2,-7,27,94,91,0.2,1002,-2,6,260,18,Pilsach
2021-01-24 17:00:00,-1,-6,2.6,3.4,1,74,01:58 PM,05:18 AM,08:55 AM,05:57 PM,-4,-8,-3,-8,26,89,91,0.4,1003,-3,6,259,16,Pilsach
2021-01-24 18:00:00,-1,-6,2.6,3.4,1,74,01:58 PM,05:18 AM,08:55 AM,05:57 PM,-5,-9,-4,-9,26,83,92,0.5,1003,-4,7,258,15,Pilsach
2021-01-24 19:00:00,-1,-6,2.6,3.4,1,74,01:58 PM,05:18 AM,08:55 AM,05:57 PM,-5,-9,-4,-9,24,74,93,0.2,1003,-4,6,253,14,Pilsach
2021-01-24 20:00:00,-1,-6,2.6,3.4,1,74,01:58 PM,05:18 AM,08:55 AM,05:57 PM,-6,-10,-5,-10,23,64,94,0.1,1004,-5,5,248,12,Pilsach
2021-01-24 21:00:00,-1,-6,2.6,3.4,1,74,01:58 PM,05:18 AM,08:55 AM,05:57 PM,-7,-11,-6,-11,22,55,95,0.2,1004,-6,4,243,11,Pilsach
2021-01-24 22:00:00,-1,-6,2.6,3.4,1,74,01:58 PM,05:18 AM,08:55 AM,05:57 PM,-7,-10,-6,-10,18,64,95,0.1,1003,-6,6,231,9,Pilsach
2021-01-24 23:00:00,-1,-6,2.6,3.4,1,74,01:58 PM,05:18 AM,08:55 AM,05:57 PM,-7,-9,-6,-9,14,73,96,0.0,1003,-6,8,218,7,Pilsach
2021-01-25 00:00:00,-0,-7,2.5,3.4,1,81,02:35 PM,06:23 AM,08:54 AM,05:59 PM,-7,-8,-7,-8,10,82,96,0.0,1002,-7,10,206,5,Pilsach
2021-01-25 01:00:00,-0,-7,2.5,3.4,1,81,02:35 PM,06:23 AM,08:54 AM,05:59 PM,-7,-8,-7,-8,10,69,95,0.0,1002,-7,10,194,5,Pilsach
2021-01-25 02:00:00,-0,-7,2.5,3.4,1,81,02:35 PM,06:23 AM,08:54 AM,05:59 PM,-8,-8,-7,-8,9,56,94,0.0,1002,-7,10,182,4,Pilsach
2021-01-25 03:00:00,-0,-7,2.5,3.4,1,81,02:35 PM,06:23 AM,08:54 AM,05:59 PM,-8,-9,-7,-9,9,43,94,0.0,1002,-7,10,171,4,Pilsach
2021-01-25 04:00:00,-0,-7,2.5,3.4,1,81,02:35 PM,06:23 AM,08:54 AM,05:59 PM,-8,-9,-7,-9,9,54,93,0.0,1002,-7,10,172,4,Pilsach
2021-01-25 05:00:00,-0,-7,2.5,3.4,1,81,02:35 PM,06:23 AM,08:54 AM,05:59 PM,-7,-8,-6,-8,9,65,93,0.0,1002,-6,10,173,5,Pilsach
2021-01-25 06:00:00,-0,-7,2.5,3.4,1,81,02:35 PM,06:23 AM,08:54 AM,05:59 PM,-7,-8,-6,-8,9,76,93,0.0,1002,-6,10,174,5,Pilsach
2021-01-25 07:00:00,-0,-7,2.5,3.4,1,81,02:35 PM,06:23 AM,08:54 AM,05:59 PM,-6,-8,-5,-8,10,84,93,0.0,1002,-5,9,169,6,Pilsach
2021-01-25 08:00:00,-0,-7,2.5,3.4,1,81,02:35 PM,06:23 AM,08:54 AM,05:59 PM,-6,-7,-5,-7,10,92,93,0.0,1002,-5,8,165,6,Pilsach
2021-01-25 09:00:00,-0,-7,2.5,3.4,1,81,02:35 PM,06:23 AM,08:54 AM,05:59 PM,-5,-7,-4,-7,10,100,94,0.0,1003,-4,7,161,7,Pilsach
2021-01-25 10:00:00,-0,-7,2.5,3.4,1,81,02:35 PM,06:23 AM,08:54 AM,05:59 PM,-4,-6,-3,-6,11,100,94,0.0,1003,-3,5,172,8,Pilsach
2021-01-25 11:00:00,-0,-7,2.5,3.4,1,81,02:35 PM,06:23 AM,08:54 AM,05:59 PM,-3,-5,-2,-5,11,100,95,0.0,1003,-2,4,183,8,Pilsach
2021-01-25 12:00:00,-0,-7,2.5,3.4,1,81,02:35 PM,06:23 AM,08:54 AM,05:59 PM,-2,-4,-1,-4,11,100,96,0.0,1003,-1,3,193,8,Pilsach
2021-01-25 13:00:00,-0,-7,2.5,3.4,1,81,02:35 PM,06:23 AM,08:54 AM,05:59 PM,-1,-4,-1,-4,12,100,96,0.0,1004,-1,3,215,9,Pilsach
2021-01-25 14:00:00,-0,-7,2.5,3.4,1,81,02:35 PM,06:23 AM,08:54 AM,05:59 PM,-1,-4,-1,-4,14,100,96,0.2,1004,-1,2,237,11,Pilsach
2021-01-25 15:00:00,-0,-7,2.5,3.4,1,81,02:35 PM,06:23 AM,08:54 AM,05:59 PM,-1,-4,-0,-4,16,100,97,0.2,1004,-0,2,259,12,Pilsach
2021-01-25 16:00:00,-0,-7,2.5,3.4,1,81,02:35 PM,06:23 AM,08:54 AM,05:59 PM,-1,-4,-0,-4,16,100,97,0.1,1005,-0,2,271,12,Pilsach
2021-01-25 17:00:00,-0,-7,2.5,3.4,1,81,02:35 PM,06:23 AM,08:54 AM,05:59 PM,-1,-5,-1,-5,16,100,97,0.6,1006,-1,2,284,12,Pilsach
2021-01-25 18:00:00,-0,-7,2.5,3.4,1,81,02:35 PM,06:23 AM,08:54 AM,05:59 PM,-1,-5,-1,-5,17,100,98,0.8,1007,-1,2,297,12,Pilsach
2021-01-25 19:00:00,-0,-7,2.5,3.4,1,81,02:35 PM,06:23 AM,08:54 AM,05:59 PM,-2,-6,-2,-6,17,100,98,0.4,1007,-2,2,297,12,Pilsach
2021-01-25 20:00:00,-0,-7,2.5,3.4,1,81,02:35 PM,06:23 AM,08:54 AM,05:59 PM,-2,-6,-2,-6,17,100,98,0.3,1008,-2,2,297,11,Pilsach
2021-01-25 21:00:00,-0,-7,2.5,3.4,1,81,02:35 PM,06:23 AM,08:54 AM,05:59 PM,-3,-7,-3,-7,17,100,98,0.4,1009,-3,2,297,11,Pilsach
2021-01-25 22:00:00,-0,-7,2.5,3.4,1,81,02:35 PM,06:23 AM,08:54 AM,05:59 PM,-4,-8,-4,-8,16,99,98,0.2,1010,-4,3,295,10,Pilsach
2021-01-25 23:00:00,-0,-7,2.5,3.4,1,81,02:35 PM,06:23 AM,08:54 AM,05:59 PM,-5,-8,-5,-8,15,98,98,0.1,1011,-5,4,293,8,Pilsach
2021-01-26 00:00:00,-2,-6,6.0,4.7,1,88,03:23 PM,07:24 AM,08:53 AM,06:01 PM,-6,-9,-6,-9,13,97,98,0.1,1012,-6,5,291,6,Pilsach
2021-01-26 01:00:00,-2,-6,6.0,4.7,1,88,03:23 PM,07:24 AM,08:53 AM,06:01 PM,-6,-9,-6,-9,16,98,98,0.0,1013,-6,6,288,8,Pilsach
2021-01-26 02:00:00,-2,-6,6.0,4.7,1,88,03:23 PM,07:24 AM,08:53 AM,06:01 PM,-6,-10,-5,-10,18,99,98,0.0,1014,-5,7,284,10,Pilsach
2021-01-26 03:00:00,-2,-6,6.0,4.7,1,88,03:23 PM,07:24 AM,08:53 AM,06:01 PM,-5,-10,-5,-10,21,99,98,0.0,1014,-5,8,281,12,Pilsach
2021-01-26 04:00:00,-2,-6,6.0,4.7,1,88,03:23 PM,07:24 AM,08:53 AM,06:01 PM,-5,-9,-5,-9,21,99,97,0.0,1015,-5,9,275,13,Pilsach
2021-01-26 05:00:00,-2,-6,6.0,4.7,1,88,03:23 PM,07:24 AM,08:53 AM,06:01 PM,-4,-9,-4,-9,22,100,97,0.0,1015,-4,9,268,15,Pilsach
2021-01-26 06:00:00,-2,-6,6.0,4.7,1,88,03:23 PM,07:24 AM,08:53 AM,06:01 PM,-4,-9,-4,-9,23,100,96,0.0,1015,-4,10,262,16,Pilsach
2021-01-26 07:00:00,-2,-6,6.0,4.7,1,88,03:23 PM,07:24 AM,08:53 AM,06:01 PM,-4,-9,-3,-9,25,100,96,0.0,1016,-3,8,262,18,Pilsach
2021-01-26 08:00:00,-2,-6,6.0,4.7,1,88,03:23 PM,07:24 AM,08:53 AM,06:01 PM,-3,-9,-3,-9,27,100,96,0.3,1016,-3,6,263,19,Pilsach
2021-01-26 09:00:00,-2,-6,6.0,4.7,1,88,03:23 PM,07:24 AM,08:53 AM,06:01 PM,-3,-8,-2,-8,29,100,96,0.4,1016,-2,5,263,21,Pilsach
2021-01-26 10:00:00,-2,-6,6.0,4.7,1,88,03:23 PM,07:24 AM,08:53 AM,06:01 PM,-3,-8,-2,-8,31,100,95,0.2,1017,-2,3,265,23,Pilsach
2021-01-26 11:00:00,-2,-6,6.0,4.7,1,88,03:23 PM,07:24 AM,08:53 AM,06:01 PM,-3,-8,-2,-8,32,100,94,0.8,1017,-2,2,267,24,Pilsach
2021-01-26 12:00:00,-2,-6,6.0,4.7,1,88,03:23 PM,07:24 AM,08:53 AM,06:01 PM,-3,-8,-2,-8,33,100,94,1.1,1017,-2,1,268,26,Pilsach
2021-01-26 13:00:00,-2,-6,6.0,4.7,1,88,03:23 PM,07:24 AM,08:53 AM,06:01 PM,-3,-8,-2,-8,33,100,93,0.5,1017,-2,1,269,26,Pilsach
2021-01-26 14:00:00,-2,-6,6.0,4.7,1,88,03:23 PM,07:24 AM,08:53 AM,06:01 PM,-3,-8,-2,-8,33,100,93,0.4,1017,-2,1,269,25,Pilsach
2021-01-26 15:00:00,-2,-6,6.0,4.7,1,88,03:23 PM,07:24 AM,08:53 AM,06:01 PM,-3,-8,-2,-8,33,100,93,0.6,1017,-2,1,269,25,Pilsach
2021-01-26 16:00:00,-2,-6,6.0,4.7,1,88,03:23 PM,07:24 AM,08:53 AM,06:01 PM,-3,-8,-2,-8,34,100,94,0.3,1018,-2,2,268,24,Pilsach
2021-01-26 17:00:00,-2,-6,6.0,4.7,1,88,03:23 PM,07:24 AM,08:53 AM,06:01 PM,-3,-8,-2,-8,34,100,94,0.5,1018,-2,2,268,24,Pilsach
2021-01-26 18:00:00,-2,-6,6.0,4.7,1,88,03:23 PM,07:24 AM,08:53 AM,06:01 PM,-3,-8,-2,-8,35,100,95,0.7,1018,-2,2,267,23,Pilsach
2021-01-26 19:00:00,-2,-6,6.0,4.7,1,88,03:23 PM,07:24 AM,08:53 AM,06:01 PM,-3,-8,-2,-8,35,100,96,0.3,1018,-3,2,269,23,Pilsach
2021-01-26 20:00:00,-2,-6,6.0,4.7,1,88,03:23 PM,07:24 AM,08:53 AM,06:01 PM,-3,-7,-3,-7,36,100,96,0.6,1019,-4,2,271,23,Pilsach
2021-01-26 21:00:00,-2,-6,6.0,4.7,1,88,03:23 PM,07:24 AM,08:53 AM,06:01 PM,-3,-7,-3,-7,36,100,97,0.8,1019,-5,2,273,23,Pilsach
2021-01-26 22:00:00,-2,-6,6.0,4.7,1,88,03:23 PM,07:24 AM,08:53 AM,06:01 PM,-3,-7,-3,-7,32,100,97,0.4,1020,-4,4,274,20,Pilsach
2021-01-26 23:00:00,-2,-6,6.0,4.7,1,88,03:23 PM,07:24 AM,08:53 AM,06:01 PM,-3,-7,-3,-7,27,100,97,0.1,1021,-3,6,274,17,Pilsach
2021-01-27 00:00:00,-0,-4,0.3,4.8,1,96,04:22 PM,08:18 AM,08:52 AM,06:02 PM,-3,-7,-2,-7,23,100,97,0.1,1023,-2,7,274,14,Pilsach
2021-01-27 01:00:00,-0,-4,0.3,4.8,1,96,04:22 PM,08:18 AM,08:52 AM,06:02 PM,-3,-7,-3,-7,22,100,97,0.1,1022,-3,8,266,13,Pilsach
2021-01-27 02:00:00,-0,-4,0.3,4.8,1,96,04:22 PM,08:18 AM,08:52 AM,06:02 PM,-3,-7,-3,-7,21,100,97,0.0,1022,-3,8,257,13,Pilsach
2021-01-27 03:00:00,-0,-4,0.3,4.8,1,96,04:22 PM,08:18 AM,08:52 AM,06:02 PM,-3,-7,-3,-7,19,100,97,0.0,1022,-3,8,249,12,Pilsach
2021-01-27 04:00:00,-0,-4,0.3,4.8,1,96,04:22 PM,08:18 AM,08:52 AM,06:02 PM,-3,-7,-3,-7,18,100,97,0.0,1022,-3,7,244,11,Pilsach
2021-01-27 05:00:00,-0,-4,0.3,4.8,1,96,04:22 PM,08:18 AM,08:52 AM,06:02 PM,-4,-7,-3,-7,17,100,97,0.0,1022,-3,5,240,11,Pilsach
2021-01-27 06:00:00,-0,-4,0.3,4.8,1,96,04:22 PM,08:18 AM,08:52 AM,06:02 PM,-4,-7,-3,-7,16,100,97,0.0,1021,-3,4,235,10,Pilsach
2021-01-27 07:00:00,-0,-4,0.3,4.8,1,96,04:22 PM,08:18 AM,08:52 AM,06:02 PM,-4,-7,-3,-7,15,99,96,0.0,1021,-3,5,231,10,Pilsach
2021-01-27 08:00:00,-0,-4,0.3,4.8,1,96,04:22 PM,08:18 AM,08:52 AM,06:02 PM,-4,-7,-3,-7,14,98,95,0.0,1021,-3,6,227,9,Pilsach
2021-01-27 09:00:00,-0,-4,0.3,4.8,1,96,04:22 PM,08:18 AM,08:52 AM,06:02 PM,-4,-6,-3,-6,13,98,94,0.0,1020,-3,7,223,9,Pilsach
2021-01-27 10:00:00,-0,-4,0.3,4.8,1,96,04:22 PM,08:18 AM,08:52 AM,06:02 PM,-3,-6,-2,-6,13,92,93,0.0,1020,-2,8,220,9,Pilsach
2021-01-27 11:00:00,-0,-4,0.3,4.8,1,96,04:22 PM,08:18 AM,08:52 AM,06:02 PM,-3,-5,-2,-5,13,86,92,0.0,1019,-2,9,217,10,Pilsach
2021-01-27 12:00:00,-0,-4,0.3,4.8,1,96,04:22 PM,08:18 AM,08:52 AM,06:02 PM,-2,-4,-1,-4,13,80,91,0.0,1019,-1,10,214,10,Pilsach
2021-01-27 13:00:00,-0,-4,0.3,4.8,1,96,04:22 PM,08:18 AM,08:52 AM,06:02 PM,-2,-4,-1,-4,15,83,91,0.0,1018,-1,9,219,11,Pilsach
2021-01-27 14:00:00,-0,-4,0.3,4.8,1,96,04:22 PM,08:18 AM,08:52 AM,06:02 PM,-2,-4,-1,-4,16,86,91,0.0,1017,-1,8,223,12,Pilsach
2021-01-27 15:00:00,-0,-4,0.3,4.8,1,96,04:22 PM,08:18 AM,08:52 AM,06:02 PM,-2,-4,-0,-4,17,89,91,0.0,1017,-0,7,227,12,Pilsach
2021-01-27 16:00:00,-0,-4,0.3,4.8,1,96,04:22 PM,08:18 AM,08:52 AM,06:02 PM,-2,-5,-0,-5,18,92,93,0.0,1016,-0,7,231,13,Pilsach
2021-01-27 17:00:00,-0,-4,0.3,4.8,1,96,04:22 PM,08:18 AM,08:52 AM,06:02 PM,-1,-5,-1,-5,20,96,94,0.0,1016,-1,8,235,13,Pilsach
2021-01-27 18:00:00,-0,-4,0.3,4.8,1,96,04:22 PM,08:18 AM,08:52 AM,06:02 PM,-1,-5,-1,-5,21,99,96,0.0,1016,-1,8,239,14,Pilsach
2021-01-27 19:00:00,-0,-4,0.3,4.8,1,96,04:22 PM,08:18 AM,08:52 AM,06:02 PM,-1,-5,-1,-5,21,99,97,0.0,1016,-2,7,246,14,Pilsach
2021-01-27 20:00:00,-0,-4,0.3,4.8,1,96,04:22 PM,08:18 AM,08:52 AM,06:02 PM,-1,-5,-1,-5,22,100,98,0.2,1016,-3,6,252,14,Pilsach
2021-01-27 21:00:00,-0,-4,0.3,4.8,1,96,04:22 PM,08:18 AM,08:52 AM,06:02 PM,-0,-5,-1,-5,22,100,99,0.3,1016,-4,5,259,14,Pilsach
2021-01-27 22:00:00,-0,-4,0.3,4.8,1,96,04:22 PM,08:18 AM,08:52 AM,06:02 PM,-0,-5,-1,-5,23,100,99,0.2,1016,-3,6,260,14,Pilsach
2021-01-27 23:00:00,-0,-4,0.3,4.8,1,96,04:22 PM,08:18 AM,08:52 AM,06:02 PM,0,-5,-1,-5,24,100,99,0.1,1016,-3,6,261,14,Pilsach
2021-01-28 00:00:00,4,-3,0.5,4.8,1,100,05:31 PM,09:02 AM,08:51 AM,06:04 PM,0,-5,-1,-5,25,100,99,0.1,1015,-2,7,262,15,Pilsach
2021-01-28 01:00:00,4,-3,0.5,4.8,1,100,05:31 PM,09:02 AM,08:51 AM,06:04 PM,0,-5,-0,-5,26,100,99,0.1,1015,-1,6,261,15,Pilsach
2021-01-28 02:00:00,4,-3,0.5,4.8,1,100,05:31 PM,09:02 AM,08:51 AM,06:04 PM,1,-4,0,-4,26,100,99,0.2,1015,-0,6,261,16,Pilsach
2021-01-28 03:00:00,4,-3,0.5,4.8,1,100,05:31 PM,09:02 AM,08:51 AM,06:04 PM,1,-4,1,-4,27,100,99,0.3,1015,1,5,260,17,Pilsach
2021-01-28 04:00:00,4,-3,0.5,4.8,1,100,05:31 PM,09:02 AM,08:51 AM,06:04 PM,0,-4,1,-4,25,100,99,0.1,1014,1,3,257,15,Pilsach
2021-01-28 05:00:00,4,-3,0.5,4.8,1,100,05:31 PM,09:02 AM,08:51 AM,06:04 PM,0,-4,0,-4,23,100,98,0.1,1014,0,2,254,14,Pilsach
2021-01-28 06:00:00,4,-3,0.5,4.8,1,100,05:31 PM,09:02 AM,08:51 AM,06:04 PM,-0,-4,0,-4,22,100,98,0.1,1014,0,1,251,13,Pilsach
2021-01-28 07:00:00,4,-3,0.5,4.8,1,100,05:31 PM,09:02 AM,08:51 AM,06:04 PM,0,-3,0,-3,20,100,98,0.1,1013,0,0,238,12,Pilsach
2021-01-28 08:00:00,4,-3,0.5,4.8,1,100,05:31 PM,09:02 AM,08:51 AM,06:04 PM,0,-3,1,-3,19,100,99,0.0,1012,1,0,225,11,Pilsach
2021-01-28 09:00:00,4,-3,0.5,4.8,1,100,05:31 PM,09:02 AM,08:51 AM,06:04 PM,1,-2,1,-2,18,100,99,0.0,1012,1,0,213,10,Pilsach
2021-01-28 10:00:00,4,-3,0.5,4.8,1,100,05:31 PM,09:02 AM,08:51 AM,06:04 PM,1,-2,1,-2,19,100,99,0.0,1010,1,2,209,11,Pilsach
2021-01-28 11:00:00,4,-3,0.5,4.8,1,100,05:31 PM,09:02 AM,08:51 AM,06:04 PM,2,-2,2,-2,21,100,100,0.6,1009,2,3,205,12,Pilsach
2021-01-28 12:00:00,4,-3,0.5,4.8,1,100,05:31 PM,09:02 AM,08:51 AM,06:04 PM,2,-1,2,-1,23,100,100,0.8,1008,2,5,201,13,Pilsach
2021-01-28 13:00:00,4,-3,0.5,4.8,1,100,05:31 PM,09:02 AM,08:51 AM,06:04 PM,3,-1,3,-1,27,100,100,0.4,1006,3,5,212,15,Pilsach
2021-01-28 14:00:00,4,-3,0.5,4.8,1,100,05:31 PM,09:02 AM,08:51 AM,06:04 PM,3,-1,3,-1,31,100,100,1.6,1005,3,6,223,17,Pilsach
2021-01-28 15:00:00,4,-3,0.5,4.8,1,100,05:31 PM,09:02 AM,08:51 AM,06:04 PM,4,-1,4,-1,35,100,100,2.1,1004,4,7,234,19,Pilsach
2021-01-28 16:00:00,4,-3,0.5,4.8,1,100,05:31 PM,09:02 AM,08:51 AM,06:04 PM,4,-0,3,-0,38,100,100,1.1,1003,3,7,243,20,Pilsach
2021-01-28 17:00:00,4,-3,0.5,4.8,1,100,05:31 PM,09:02 AM,08:51 AM,06:04 PM,4,-0,3,-0,42,100,100,2.7,1002,2,7,251,21,Pilsach
2021-01-28 18:00:00,4,-3,0.5,4.8,1,100,05:31 PM,09:02 AM,08:51 AM,06:04 PM,5,0,3,0,46,100,100,3.6,1002,1,6,259,23,Pilsach
2021-01-28 19:00:00,4,-3,0.5,4.8,1,100,05:31 PM,09:02 AM,08:51 AM,06:04 PM,5,-1,1,-1,48,100,99,1.8,1002,-0,6,263,24,Pilsach
2021-01-28 20:00:00,4,-3,0.5,4.8,1,100,05:31 PM,09:02 AM,08:51 AM,06:04 PM,5,-2,0,-2,49,100,99,1.9,1002,-2,7,267,25,Pilsach
2021-01-28 21:00:00,4,-3,0.5,4.8,1,100,05:31 PM,09:02 AM,08:51 AM,06:04 PM,5,-3,-1,-3,51,100,99,2.5,1002,-3,7,270,26,Pilsach
2021-01-28 22:00:00,4,-3,0.5,4.8,1,100,05:31 PM,09:02 AM,08:51 AM,06:04 PM,5,-2,0,-2,49,100,98,1.3,1003,-2,7,272,25,Pilsach
2021-01-28 23:00:00,4,-3,0.5,4.8,1,100,05:31 PM,09:02 AM,08:51 AM,06:04 PM,5,-2,1,-2,47,100,96,2.0,1004,0,7,273,25,Pilsach
2021-01-29 00:00:00,6,1,0.0,4.8,1,90,06:46 PM,09:39 AM,08:49 AM,06:05 PM,5,-1,3,-1,45,100,95,2.7,1005,2,7,274,25,Pilsach
2021-01-29 01:00:00,6,1,0.0,4.8,1,90,06:46 PM,09:39 AM,08:49 AM,06:05 PM,5,-0,3,-0,41,100,96,1.3,1005,3,8,270,23,Pilsach
2021-01-29 02:00:00,6,1,0.0,4.8,1,90,06:46 PM,09:39 AM,08:49 AM,06:05 PM,4,0,4,0,37,100,97,0.8,1005,4,8,266,20,Pilsach
2021-01-29 03:00:00,6,1,0.0,4.8,1,90,06:46 PM,09:39 AM,08:49 AM,06:05 PM,4,1,4,1,33,100,97,1.0,1004,4,9,262,18,Pilsach
2021-01-29 04:00:00,6,1,0.0,4.8,1,90,06:46 PM,09:39 AM,08:49 AM,06:05 PM,4,1,4,1,31,100,98,0.5,1003,4,8,251,17,Pilsach
2021-01-29 05:00:00,6,1,0.0,4.8,1,90,06:46 PM,09:39 AM,08:49 AM,06:05 PM,4,1,4,1,29,100,98,0.1,1002,4,6,239,16,Pilsach
2021-01-29 06:00:00,6,1,0.0,4.8,1,90,06:46 PM,09:39 AM,08:49 AM,06:05 PM,4,1,4,1,27,100,98,0.1,1001,4,5,228,15,Pilsach
2021-01-29 07:00:00,6,1,0.0,4.8,1,90,06:46 PM,09:39 AM,08:49 AM,06:05 PM,4,1,4,1,27,100,98,0.0,1000,4,5,225,16,Pilsach
2021-01-29 08:00:00,6,1,0.0,4.8,1,90,06:46 PM,09:39 AM,08:49 AM,06:05 PM,4,1,5,1,28,100,98,0.8,999,5,5,222,16,Pilsach
2021-01-29 09:00:00,6,1,0.0,4.8,1,90,06:46 PM,09:39 AM,08:49 AM,06:05 PM,5,1,5,1,28,100,97,1.1,998,5,5,219,17,Pilsach
2021-01-29 10:00:00,6,1,0.0,4.8,1,90,06:46 PM,09:39 AM,08:49 AM,06:05 PM,5,1,5,1,31,100,97,0.5,998,5,6,228,19,Pilsach
2021-01-29 11:00:00,6,1,0.0,4.8,1,90,06:46 PM,09:39 AM,08:49 AM,06:05 PM,5,2,6,2,33,100,97,1.9,997,6,6,238,20,Pilsach
2021-01-29 12:00:00,6,1,0.0,4.8,1,90,06:46 PM,09:39 AM,08:49 AM,06:05 PM,5,2,6,2,35,100,96,2.6,997,6,7,247,22,Pilsach
2021-01-29 13:00:00,6,1,0.0,4.8,1,90,06:46 PM,09:39 AM,08:49 AM,06:05 PM,5,2,6,2,36,100,94,1.3,998,6,8,254,23,Pilsach
2021-01-29 14:00:00,6,1,0.0,4.8,1,90,06:46 PM,09:39 AM,08:49 AM,06:05 PM,5,2,6,2,37,100,92,0.9,998,6,8,261,23,Pilsach
2021-01-29 15:00:00,6,1,0.0,4.8,1,90,06:46 PM,09:39 AM,08:49 AM,06:05 PM,4,2,6,2,39,100,90,1.2,999,6,9,268,24,Pilsach
2021-01-29 16:00:00,6,1,0.0,4.8,1,90,06:46 PM,09:39 AM,08:49 AM,06:05 PM,4,1,5,1,36,100,91,0.6,999,5,8,266,22,Pilsach
2021-01-29 17:00:00,6,1,0.0,4.8,1,90,06:46 PM,09:39 AM,08:49 AM,06:05 PM,4,1,5,1,34,100,92,0.5,999,5,8,264,20,Pilsach
2021-01-29 18:00:00,6,1,0.0,4.8,1,90,06:46 PM,09:39 AM,08:49 AM,06:05 PM,3,0,4,0,32,100,93,0.7,1000,4,7,262,19,Pilsach
2021-01-29 19:00:00,6,1,0.0,4.8,1,90,06:46 PM,09:39 AM,08:49 AM,06:05 PM,3,0,4,0,32,100,93,0.3,1000,3,6,262,19,Pilsach
2021-01-29 20:00:00,6,1,0.0,4.8,1,90,06:46 PM,09:39 AM,08:49 AM,06:05 PM,3,-0,3,-0,32,100,94,0.3,1000,2,5,262,19,Pilsach
2021-01-29 21:00:00,6,1,0.0,4.8,1,90,06:46 PM,09:39 AM,08:49 AM,06:05 PM,3,-0,2,-0,32,100,94,0.4,1000,1,3,261,19,Pilsach
2021-01-29 22:00:00,6,1,0.0,4.8,1,90,06:46 PM,09:39 AM,08:49 AM,06:05 PM,3,-0,3,-0,34,100,94,0.2,1000,2,4,264,20,Pilsach
2021-01-29 23:00:00,6,1,0.0,4.8,1,90,06:46 PM,09:39 AM,08:49 AM,06:05 PM,3,-1,3,-1,35,100,94,0.1,1001,3,4,267,21,Pilsach
2021-01-30 00:00:00,5,-3,2.6,4.8,1,82,08:05 PM,10:07 AM,08:48 AM,06:07 PM,3,-1,4,-1,37,100,94,0.1,1001,4,5,270,22,Pilsach
2021-01-30 01:00:00,5,-3,2.6,4.8,1,82,08:05 PM,10:07 AM,08:48 AM,06:07 PM,3,-1,4,-1,39,100,93,0.1,1001,4,4,267,24,Pilsach
2021-01-30 02:00:00,5,-3,2.6,4.8,1,82,08:05 PM,10:07 AM,08:48 AM,06:07 PM,3,-1,4,-1,41,100,92,0.2,1001,4,3,265,25,Pilsach
2021-01-30 03:00:00,5,-3,2.6,4.8,1,82,08:05 PM,10:07 AM,08:48 AM,06:07 PM,3,-1,4,-1,43,100,91,0.2,1001,4,2,263,27,Pilsach
2021-01-30 04:00:00,5,-3,2.6,4.8,1,82,08:05 PM,10:07 AM,08:48 AM,06:07 PM,3,-1,4,-1,43,100,91,0.1,1000,4,2,261,27,Pilsach
2021-01-30 05:00:00,5,-3,2.6,4.8,1,82,08:05 PM,10:07 AM,08:48 AM,06:07 PM,3,-1,4,-1,42,100,92,0.1,1000,4,2,260,28,Pilsach
2021-01-30 06:00:00,5,-3,2.6,4.8,1,82,08:05 PM,10:07 AM,08:48 AM,06:07 PM,3,-1,4,-1,42,100,92,0.2,999,4,2,258,28,Pilsach
2021-01-30 07:00:00,5,-3,2.6,4.8,1,82,08:05 PM,10:07 AM,08:48 AM,06:07 PM,3,-1,4,-1,41,100,91,0.1,999,4,4,258,28,Pilsach
2021-01-30 08:00:00,5,-3,2.6,4.8,1,82,08:05 PM,10:07 AM,08:48 AM,06:07 PM,3,-1,4,-1,39,100,91,0.1,999,4,6,257,27,Pilsach
2021-01-30 09:00:00,5,-3,2.6,4.8,1,82,08:05 PM,10:07 AM,08:48 AM,06:07 PM,3,-1,4,-1,38,100,91,0.1,999,4,7,257,27,Pilsach
2021-01-30 10:00:00,5,-3,2.6,4.8,1,82,08:05 PM,10:07 AM,08:48 AM,06:07 PM,3,-0,4,-0,35,100,90,0.0,998,4,6,260,25,Pilsach
2021-01-30 11:00:00,5,-3,2.6,4.8,1,82,08:05 PM,10:07 AM,08:48 AM,06:07 PM,3,-0,4,-0,32,100,90,0.1,998,4,6,263,23,Pilsach
2021-01-30 12:00:00,5,-3,2.6,4.8,1,82,08:05 PM,10:07 AM,08:48 AM,06:07 PM,3,0,5,0,28,100,89,0.1,998,5,5,266,21,Pilsach
2021-01-30 13:00:00,5,-3,2.6,4.8,1,82,08:05 PM,10:07 AM,08:48 AM,06:07 PM,3,-0,4,-0,26,100,91,0.0,998,4,4,212,19,Pilsach
2021-01-30 14:00:00,5,-3,2.6,4.8,1,82,08:05 PM,10:07 AM,08:48 AM,06:07 PM,2,-1,3,-1,23,100,93,0.3,998,3,3,158,17,Pilsach
2021-01-30 15:00:00,5,-3,2.6,4.8,1,82,08:05 PM,10:07 AM,08:48 AM,06:07 PM,2,-1,3,-1,20,100,95,0.4,998,3,2,104,15,Pilsach
2021-01-30 16:00:00,5,-3,2.6,4.8,1,82,08:05 PM,10:07 AM,08:48 AM,06:07 PM,1,-3,1,-3,21,100,95,0.2,998,1,2,84,16,Pilsach
2021-01-30 17:00:00,5,-3,2.6,4.8,1,82,08:05 PM,10:07 AM,08:48 AM,06:07 PM,-1,-5,-0,-5,23,100,96,0.6,998,-0,2,65,16,Pilsach
2021-01-30 18:00:00,5,-3,2.6,4.8,1,82,08:05 PM,10:07 AM,08:48 AM,06:07 PM,-2,-6,-1,-6,24,100,96,0.8,998,-1,2,46,17,Pilsach
2021-01-30 19:00:00,5,-3,2.6,4.8,1,82,08:05 PM,10:07 AM,08:48 AM,06:07 PM,-2,-7,-2,-7,24,100,95,0.4,998,-2,2,54,17,Pilsach
2021-01-30 20:00:00,5,-3,2.6,4.8,1,82,08:05 PM,10:07 AM,08:48 AM,06:07 PM,-3,-8,-2,-8,24,100,95,0.4,999,-2,2,61,17,Pilsach
2021-01-30 21:00:00,5,-3,2.6,4.8,1,82,08:05 PM,10:07 AM,08:48 AM,06:07 PM,-4,-8,-3,-8,24,100,95,0.6,999,-3,2,69,17,Pilsach
2021-01-30 22:00:00,5,-3,2.6,4.8,1,82,08:05 PM,10:07 AM,08:48 AM,06:07 PM,-3,-8,-3,-8,26,100,95,0.3,1000,-3,2,70,18,Pilsach
2021-01-30 23:00:00,5,-3,2.6,4.8,1,82,08:05 PM,10:07 AM,08:48 AM,06:07 PM,-3,-8,-3,-8,28,100,95,0.6,1000,-3,2,72,19,Pilsach
2021-01-31 00:00:00,0,-3,3.1,4.8,1,79,09:24 PM,10:31 AM,08:47 AM,06:09 PM,-3,-8,-3,-8,30,100,95,0.8,1000,-3,2,74,19,Pilsach
2021-01-31 01:00:00,0,-3,3.1,4.8,1,79,09:24 PM,10:31 AM,08:47 AM,06:09 PM,-3,-8,-3,-8,28,100,95,0.4,1000,-3,2,75,18,Pilsach
2021-01-31 02:00:00,0,-3,3.1,4.8,1,79,09:24 PM,10:31 AM,08:47 AM,06:09 PM,-3,-8,-3,-8,27,100,95,0.4,1001,-3,2,76,18,Pilsach
2021-01-31 03:00:00,0,-3,3.1,4.8,1,79,09:24 PM,10:31 AM,08:47 AM,06:09 PM,-3,-8,-3,-8,25,100,96,0.6,1001,-3,2,78,17,Pilsach
2021-01-31 04:00:00,0,-3,3.1,4.8,1,79,09:24 PM,10:31 AM,08:47 AM,06:09 PM,-3,-8,-3,-8,24,100,96,0.3,1001,-3,4,78,16,Pilsach
2021-01-31 05:00:00,0,-3,3.1,4.8,1,79,09:24 PM,10:31 AM,08:47 AM,06:09 PM,-3,-8,-3,-8,22,100,95,0.1,1001,-3,6,79,15,Pilsach
2021-01-31 06:00:00,0,-3,3.1,4.8,1,79,09:24 PM,10:31 AM,08:47 AM,06:09 PM,-3,-8,-3,-8,20,100,95,0.1,1002,-3,7,80,14,Pilsach
2021-01-31 07:00:00,0,-3,3.1,4.8,1,79,09:24 PM,10:31 AM,08:47 AM,06:09 PM,-3,-7,-3,-7,18,100,95,0.1,1002,-3,7,82,13,Pilsach
2021-01-31 08:00:00,0,-3,3.1,4.8,1,79,09:24 PM,10:31 AM,08:47 AM,06:09 PM,-3,-6,-2,-6,17,100,94,0.0,1003,-2,7,84,12,Pilsach
2021-01-31 09:00:00,0,-3,3.1,4.8,1,79,09:24 PM,10:31 AM,08:47 AM,06:09 PM,-3,-6,-2,-6,15,100,94,0.0,1003,-2,7,85,12,Pilsach
2021-01-31 10:00:00,0,-3,3.1,4.8,1,79,09:24 PM,10:31 AM,08:47 AM,06:09 PM,-2,-5,-1,-5,13,100,93,0.0,1003,-1,6,93,10,Pilsach
2021-01-31 11:00:00,0,-3,3.1,4.8,1,79,09:24 PM,10:31 AM,08:47 AM,06:09 PM,-2,-4,-1,-4,12,100,92,0.0,1004,-1,6,100,9,Pilsach
2021-01-31 12:00:00,0,-3,3.1,4.8,1,79,09:24 PM,10:31 AM,08:47 AM,06:09 PM,-2,-3,-0,-3,10,100,91,0.0,1004,-0,5,107,8,Pilsach
2021-01-31 13:00:00,0,-3,3.1,4.8,1,79,09:24 PM,10:31 AM,08:47 AM,06:09 PM,-1,-3,-0,-3,10,100,91,0.0,1004,-0,6,115,8,Pilsach
2021-01-31 14:00:00,0,-3,3.1,4.8,1,79,09:24 PM,10:31 AM,08:47 AM,06:09 PM,-1,-3,0,-3,9,100,91,0.0,1003,0,7,122,7,Pilsach
2021-01-31 15:00:00,0,-3,3.1,4.8,1,79,09:24 PM,10:31 AM,08:47 AM,06:09 PM,-1,-2,0,-2,9,100,91,0.0,1003,0,8,129,7,Pilsach
2021-01-31 16:00:00,0,-3,3.1,4.8,1,79,09:24 PM,10:31 AM,08:47 AM,06:09 PM,-1,-3,-0,-3,9,100,92,0.0,1003,-0,7,130,7,Pilsach
2021-01-31 17:00:00,0,-3,3.1,4.8,1,79,09:24 PM,10:31 AM,08:47 AM,06:09 PM,-2,-3,-1,-3,9,100,93,0.0,1003,-1,6,130,7,Pilsach
2021-01-31 18:00:00,0,-3,3.1,4.8,1,79,09:24 PM,10:31 AM,08:47 AM,06:09 PM,-2,-3,-1,-3,10,100,94,0.0,1003,-1,5,130,6,Pilsach
2021-01-31 19:00:00,0,-3,3.1,4.8,1,79,09:24 PM,10:31 AM,08:47 AM,06:09 PM,-2,-4,-1,-4,11,99,95,0.0,1003,-1,4,129,7,Pilsach
2021-01-31 20:00:00,0,-3,3.1,4.8,1,79,09:24 PM,10:31 AM,08:47 AM,06:09 PM,-2,-4,-2,-4,12,98,95,0.0,1003,-2,3,127,8,Pilsach
2021-01-31 21:00:00,0,-3,3.1,4.8,1,79,09:24 PM,10:31 AM,08:47 AM,06:09 PM,-2,-5,-2,-5,13,97,96,0.0,1003,-2,2,125,8,Pilsach
2021-01-31 22:00:00,0,-3,3.1,4.8,1,79,09:24 PM,10:31 AM,08:47 AM,06:09 PM,-3,-6,-2,-6,17,97,95,0.0,1002,-3,4,126,11,Pilsach
2021-01-31 23:00:00,0,-3,3.1,4.8,1,79,09:24 PM,10:31 AM,08:47 AM,06:09 PM,-3,-7,-3,-7,20,97,94,0.0,1002,-4,5,127,13,Pilsach
